{
  "type": "FeatureCollection",
  "generator": "overpass-turbo",
  "timestamp": "2026-04-30T12:52:31.481Z",
  "features": [
    {
      "type": "Feature",
      "properties": {
        "@id": "relation/13491196",
        "name": "Percorso 1",
        "network": "lwn",
        "route": "hiking",
        "type": "route",
        "difficulty": "Escursionistico (E)",
        "estimatedTime": "61 min",
        "lengthKm": 2.42
      },
      "geometry": {
        "type": "LineString",
        "coordinates": [
          [
            9.4543743,
            41.1982374
          ],
          [
            9.4545203,
            41.1983935
          ],
          [
            9.4545945,
            41.1984815
          ],
          [
            9.4546664,
            41.1985694
          ],
          [
            9.454781,
            41.1987199
          ],
          [
            9.4548462,
            41.1987977
          ],
          [
            9.4549676,
            41.1989482
          ],
          [
            9.454999,
            41.1989702
          ],
          [
            9.4550912,
            41.1989972
          ],
          [
            9.4551631,
            41.199026
          ],
          [
            9.4551991,
            41.1990547
          ],
          [
            9.455226,
            41.1991021
          ],
          [
            9.4552732,
            41.1991511
          ],
          [
            9.4553159,
            41.1991748
          ],
          [
            9.4554598,
            41.1992019
          ],
          [
            9.4555227,
            41.1992222
          ],
          [
            9.4556261,
            41.199261
          ],
          [
            9.455934,
            41.1994149
          ],
          [
            9.4561295,
            41.1996517
          ],
          [
            9.4565992,
            41.1999172
          ],
          [
            9.4568465,
            41.2002824
          ],
          [
            9.4570195,
            41.200301
          ],
          [
            9.4572151,
            41.200252
          ],
          [
            9.4575097,
            41.2001258
          ],
          [
            9.4574963,
            41.2001979
          ],
          [
            9.4574784,
            41.2002864
          ],
          [
            9.4574607,
            41.2003821
          ],
          [
            9.4574489,
            41.2005632
          ],
          [
            9.4574963,
            41.2007592
          ],
          [
            9.4574279,
            41.2008504
          ],
          [
            9.4574292,
            41.2009849
          ],
          [
            9.4574006,
            41.2010828
          ],
          [
            9.4573344,
            41.2011661
          ],
          [
            9.4572358,
            41.2013146
          ],
          [
            9.457066,
            41.2015462
          ],
          [
            9.4570423,
            41.2017155
          ],
          [
            9.45709,
            41.2018601
          ],
          [
            9.4570846,
            41.2018662
          ],
          [
            9.4569218,
            41.2020335
          ],
          [
            9.4568024,
            41.2021823
          ],
          [
            9.4565927,
            41.2025116
          ],
          [
            9.4564363,
            41.2026914
          ],
          [
            9.45631,
            41.2030947
          ],
          [
            9.4561603,
            41.2031261
          ],
          [
            9.4558365,
            41.2032647
          ],
          [
            9.4556691,
            41.2034831
          ],
          [
            9.4555742,
            41.2037771
          ],
          [
            9.4555742,
            41.2041551
          ],
          [
            9.455563,
            41.2043188
          ],
          [
            9.4555184,
            41.2045666
          ],
          [
            9.455608,
            41.2048234
          ],
          [
            9.4557049,
            41.2050842
          ],
          [
            9.4557817,
            41.205306
          ],
          [
            9.4557434,
            41.2054013
          ],
          [
            9.4556237,
            41.2054922
          ],
          [
            9.4553145,
            41.205727
          ],
          [
            9.4553068,
            41.2060033
          ],
          [
            9.4552615,
            41.2062091
          ],
          [
            9.4550244,
            41.206312
          ],
          [
            9.4548399,
            41.2062937
          ],
          [
            9.4546779,
            41.2062777
          ],
          [
            9.4543314,
            41.2061405
          ],
          [
            9.4537388,
            41.2060101
          ],
          [
            9.4532082,
            41.2058856
          ],
          [
            9.4528747,
            41.205917
          ],
          [
            9.4525662,
            41.2062523
          ],
          [
            9.4524354,
            41.2064562
          ],
          [
            9.4523663,
            41.2066681
          ],
          [
            9.4523091,
            41.2067697
          ],
          [
            9.452171,
            41.2069664
          ],
          [
            9.45203,
            41.2072767
          ],
          [
            9.4516282,
            41.2076612
          ],
          [
            9.4515683,
            41.2078044
          ],
          [
            9.4515859,
            41.2080934
          ],
          [
            9.4515365,
            41.208226
          ],
          [
            9.4515154,
            41.208348
          ],
          [
            9.4512567,
            41.2085883
          ],
          [
            9.451179,
            41.2086907
          ],
          [
            9.4510783,
            41.2088784
          ],
          [
            9.4510219,
            41.2092178
          ],
          [
            9.4509893,
            41.2092875
          ],
          [
            9.4509341,
            41.2093149
          ],
          [
            9.4508488,
            41.2093211
          ],
          [
            9.4507624,
            41.2093443
          ],
          [
            9.4506727,
            41.2093933
          ],
          [
            9.450598,
            41.2095144
          ],
          [
            9.4504344,
            41.2097653
          ],
          [
            9.4501895,
            41.2100859
          ],
          [
            9.4501451,
            41.2103861
          ],
          [
            9.4501196,
            41.2106046
          ],
          [
            9.450042,
            41.2109838
          ],
          [
            9.4500032,
            41.2112357
          ],
          [
            9.4500476,
            41.2115877
          ],
          [
            9.4500874,
            41.2116955
          ],
          [
            9.4500931,
            41.2117498
          ],
          [
            9.4500318,
            41.211868
          ],
          [
            9.4499363,
            41.211949
          ],
          [
            9.4497711,
            41.2121228
          ],
          [
            9.4497389,
            41.2122089
          ],
          [
            9.4497681,
            41.2123084
          ],
          [
            9.4498239,
            41.2124117
          ],
          [
            9.4498511,
            41.2125297
          ],
          [
            9.4498411,
            41.2127207
          ],
          [
            9.449951,
            41.2130268
          ],
          [
            9.4499686,
            41.2134822
          ],
          [
            9.4499557,
            41.2137025
          ],
          [
            9.4499539,
            41.2141287
          ],
          [
            9.4500683,
            41.2145645
          ],
          [
            9.4500923,
            41.2148664
          ]
        ]
      },
      "id": "relation/13491196"
    },
    {
      "type": "Feature",
      "properties": {
        "@id": "relation/13491200",
        "name": "Percorso 2",
        "network": "lwn",
        "route": "hiking",
        "type": "route",
        "difficulty": "Turistico (T)",
        "estimatedTime": "30 min",
        "lengthKm": 0.6
      },
      "geometry": {
        "type": "LineString",
        "coordinates": [
          [
            9.4518767,
            41.1967596
          ],
          [
            9.4517584,
            41.1968549
          ],
          [
            9.4515967,
            41.1969181
          ],
          [
            9.4515571,
            41.1969146
          ],
          [
            9.4515026,
            41.1969438
          ],
          [
            9.4512422,
            41.1970222
          ],
          [
            9.451024,
            41.1971482
          ],
          [
            9.4508143,
            41.1971884
          ],
          [
            9.4507425,
            41.1972086
          ],
          [
            9.4506095,
            41.1972139
          ],
          [
            9.450352,
            41.197302
          ],
          [
            9.45016,
            41.1973191
          ],
          [
            9.4497785,
            41.1972254
          ],
          [
            9.4496417,
            41.197255
          ],
          [
            9.4494752,
            41.197301
          ],
          [
            9.4492963,
            41.1973181
          ],
          [
            9.4491168,
            41.1973142
          ],
          [
            9.4490245,
            41.197237
          ],
          [
            9.4489628,
            41.1971598
          ],
          [
            9.4488655,
            41.1970903
          ],
          [
            9.44865,
            41.1970286
          ],
          [
            9.4485098,
            41.1970461
          ],
          [
            9.4484566,
            41.1970887
          ],
          [
            9.4484568,
            41.1971415
          ],
          [
            9.4484111,
            41.1972248
          ],
          [
            9.4483269,
            41.1972409
          ],
          [
            9.448173,
            41.197237
          ],
          [
            9.4480864,
            41.1972167
          ],
          [
            9.448002,
            41.197165
          ],
          [
            9.4480002,
            41.1971007
          ],
          [
            9.4480273,
            41.1970571
          ],
          [
            9.4480476,
            41.1969981
          ],
          [
            9.4480796,
            41.1968148
          ],
          [
            9.4480853,
            41.1967537
          ],
          [
            9.4480555,
            41.1966847
          ],
          [
            9.4480345,
            41.1965461
          ],
          [
            9.4480142,
            41.1964605
          ],
          [
            9.4479759,
            41.196384
          ],
          [
            9.4478396,
            41.1962914
          ],
          [
            9.4476632,
            41.1961464
          ],
          [
            9.4476431,
            41.1961379
          ],
          [
            9.447624,
            41.1961314
          ],
          [
            9.4475976,
            41.196137
          ],
          [
            9.4475848,
            41.1961494
          ],
          [
            9.4475805,
            41.196161
          ],
          [
            9.4475839,
            41.1961693
          ],
          [
            9.4476024,
            41.1961847
          ],
          [
            9.4476255,
            41.196208
          ],
          [
            9.4476257,
            41.1962331
          ],
          [
            9.4476363,
            41.1962498
          ],
          [
            9.4476587,
            41.1962617
          ],
          [
            9.4476693,
            41.1962782
          ],
          [
            9.4476712,
            41.196296
          ],
          [
            9.4476687,
            41.1963178
          ],
          [
            9.4476422,
            41.1963356
          ],
          [
            9.4476135,
            41.1963503
          ],
          [
            9.4475822,
            41.1963685
          ],
          [
            9.4475658,
            41.1963884
          ],
          [
            9.4475521,
            41.196406
          ],
          [
            9.4475274,
            41.1964179
          ],
          [
            9.4475003,
            41.1964235
          ],
          [
            9.4474796,
            41.196431
          ],
          [
            9.4474381,
            41.196437
          ],
          [
            9.4474162,
            41.1964278
          ],
          [
            9.4473778,
            41.1964323
          ],
          [
            9.4473548,
            41.1964507
          ],
          [
            9.4473221,
            41.1964539
          ],
          [
            9.4472658,
            41.1964451
          ],
          [
            9.4472245,
            41.1964333
          ],
          [
            9.4471674,
            41.1964312
          ],
          [
            9.4471204,
            41.1964306
          ],
          [
            9.447094,
            41.1964644
          ],
          [
            9.4470843,
            41.1964868
          ],
          [
            9.447065,
            41.1965063
          ],
          [
            9.4470499,
            41.1965403
          ],
          [
            9.4470582,
            41.1965714
          ],
          [
            9.4470826,
            41.1965874
          ]
        ]
      },
      "id": "relation/13491200"
    },
    {
      "type": "Feature",
      "properties": {
        "@id": "relation/13491231",
        "name": "Percorso 3",
        "network": "lwn",
        "route": "hiking",
        "type": "route",
        "difficulty": "Turistico (T)",
        "estimatedTime": "37 min",
        "lengthKm": 0.98
      },
      "geometry": {
        "type": "LineString",
        "coordinates": [
          [
            9.4600635,
            41.1971816
          ],
          [
            9.461891,
            41.1982894
          ],
          [
            9.4621436,
            41.1985329
          ],
          [
            9.4626291,
            41.1987735
          ],
          [
            9.462933,
            41.1989428
          ],
          [
            9.4632093,
            41.1990229
          ],
          [
            9.4635605,
            41.1993318
          ],
          [
            9.4636513,
            41.1994833
          ],
          [
            9.4637579,
            41.1995931
          ],
          [
            9.4639671,
            41.1995991
          ],
          [
            9.4643223,
            41.1998456
          ],
          [
            9.4644526,
            41.1998485
          ],
          [
            9.4649223,
            41.2001366
          ],
          [
            9.465013,
            41.2002851
          ],
          [
            9.4651512,
            41.2004276
          ],
          [
            9.465313,
            41.2005405
          ],
          [
            9.4656248,
            41.2006444
          ],
          [
            9.4659051,
            41.2007573
          ],
          [
            9.4661853,
            41.2008345
          ],
          [
            9.4663313,
            41.2009325
          ],
          [
            9.4665524,
            41.2010216
          ],
          [
            9.4667102,
            41.2011047
          ],
          [
            9.4671799,
            41.2012829
          ],
          [
            9.4672707,
            41.2014641
          ],
          [
            9.4674562,
            41.2016155
          ],
          [
            9.4676457,
            41.2017403
          ],
          [
            9.467847,
            41.2018086
          ],
          [
            9.4679575,
            41.2019036
          ],
          [
            9.4681943,
            41.2020075
          ],
          [
            9.468293,
            41.2021382
          ],
          [
            9.4685574,
            41.2023342
          ],
          [
            9.4687706,
            41.2025658
          ],
          [
            9.4689103,
            41.2026247
          ]
        ]
      },
      "id": "relation/13491231"
    },
    {
      "type": "Feature",
      "properties": {
        "@id": "relation/13491240",
        "name": "Percorso 4",
        "network": "lwn",
        "route": "hiking",
        "type": "route",
        "difficulty": "Escursionistico (E)",
        "estimatedTime": "54 min",
        "lengthKm": 1.95
      },
      "geometry": {
        "type": "LineString",
        "coordinates": [
          [
            9.4600635,
            41.1971816
          ],
          [
            9.4608411,
            41.1969381
          ],
          [
            9.4609339,
            41.1969099
          ],
          [
            9.4611835,
            41.1969431
          ],
          [
            9.4618883,
            41.196971
          ],
          [
            9.4620422,
            41.1969952
          ],
          [
            9.4621584,
            41.1970647
          ],
          [
            9.4623819,
            41.1972142
          ],
          [
            9.4624229,
            41.1971483
          ],
          [
            9.4623874,
            41.1970396
          ],
          [
            9.4623956,
            41.1964019
          ],
          [
            9.4624065,
            41.1951941
          ],
          [
            9.4624147,
            41.1948762
          ],
          [
            9.4627154,
            41.194439
          ],
          [
            9.4631231,
            41.1938739
          ],
          [
            9.4631445,
            41.19322
          ],
          [
            9.4633216,
            41.1930767
          ],
          [
            9.4633967,
            41.1928688
          ],
          [
            9.4635388,
            41.19257
          ],
          [
            9.4636836,
            41.1924611
          ],
          [
            9.463689,
            41.1922834
          ],
          [
            9.4636006,
            41.1919867
          ],
          [
            9.4638634,
            41.1917506
          ],
          [
            9.4639251,
            41.1917183
          ],
          [
            9.4640002,
            41.1915528
          ],
          [
            9.4640913,
            41.1907999
          ],
          [
            9.4640055,
            41.1905547
          ],
          [
            9.4640512,
            41.1903095
          ],
          [
            9.4642282,
            41.190047
          ],
          [
            9.4642845,
            41.1898412
          ],
          [
            9.4644146,
            41.1896797
          ],
          [
            9.4648305,
            41.189427
          ],
          [
            9.4647887,
            41.1892074
          ],
          [
            9.464668,
            41.1890641
          ],
          [
            9.4645044,
            41.1890782
          ],
          [
            9.4643998,
            41.1890661
          ],
          [
            9.4643676,
            41.1888985
          ],
          [
            9.4643462,
            41.188725
          ],
          [
            9.4643033,
            41.1884222
          ],
          [
            9.4642416,
            41.1879054
          ],
          [
            9.464153,
            41.1875865
          ],
          [
            9.4642684,
            41.1874331
          ],
          [
            9.4642362,
            41.1873322
          ],
          [
            9.4642845,
            41.1871465
          ],
          [
            9.4642389,
            41.1870496
          ],
          [
            9.4642684,
            41.1869648
          ],
          [
            9.4644856,
            41.1868255
          ],
          [
            9.4647485,
            41.1865914
          ],
          [
            9.4648477,
            41.1864057
          ],
          [
            9.4647297,
            41.1862321
          ],
          [
            9.4647405,
            41.1860807
          ],
          [
            9.4646358,
            41.1859616
          ],
          [
            9.4646922,
            41.1858687
          ],
          [
            9.4646305,
            41.1857638
          ],
          [
            9.4646144,
            41.1855518
          ],
          [
            9.4644856,
            41.1854307
          ],
          [
            9.4642952,
            41.1851764
          ],
          [
            9.4641048,
            41.1851562
          ],
          [
            9.463968,
            41.1850108
          ],
          [
            9.4639251,
            41.1849079
          ],
          [
            9.4637668,
            41.1847222
          ],
          [
            9.4636729,
            41.1845587
          ],
          [
            9.4637775,
            41.1843043
          ],
          [
            9.4638526,
            41.1841025
          ],
          [
            9.46385,
            41.1838663
          ],
          [
            9.4632497,
            41.1834907
          ],
          [
            9.462969,
            41.1833416
          ],
          [
            9.462949,
            41.1832679
          ]
        ]
      },
      "id": "relation/13491240"
    },
    {
      "type": "Feature",
      "properties": {
        "@id": "relation/13491249",
        "name": "Percorso 5",
        "network": "lwn",
        "route": "hiking",
        "type": "route",
        "difficulty": "Turistico (T)",
        "estimatedTime": "33 min",
        "lengthKm": 0.78
      },
      "geometry": {
        "type": "LineString",
        "coordinates": [
          [
            9.4747978,
            41.2045486
          ],
          [
            9.4744561,
            41.2043949
          ],
          [
            9.4741731,
            41.2041357
          ],
          [
            9.4740705,
            41.2039814
          ],
          [
            9.4737392,
            41.203792
          ],
          [
            9.4736104,
            41.2037646
          ],
          [
            9.4735442,
            41.2038333
          ],
          [
            9.4736449,
            41.2039137
          ],
          [
            9.4737217,
            41.2040172
          ],
          [
            9.4736565,
            41.2040304
          ],
          [
            9.4734691,
            41.2039357
          ],
          [
            9.4732013,
            41.2038445
          ],
          [
            9.4729026,
            41.2038214
          ],
          [
            9.4727155,
            41.2038712
          ],
          [
            9.4725101,
            41.2038408
          ],
          [
            9.4724333,
            41.2037584
          ],
          [
            9.4723725,
            41.2035365
          ],
          [
            9.4722293,
            41.2033332
          ],
          [
            9.4721075,
            41.2032571
          ],
          [
            9.4719449,
            41.2031666
          ],
          [
            9.4718975,
            41.2031259
          ],
          [
            9.4718528,
            41.2029184
          ],
          [
            9.4718134,
            41.2028568
          ],
          [
            9.4717544,
            41.2027902
          ],
          [
            9.4716531,
            41.2027373
          ],
          [
            9.471568,
            41.2026893
          ],
          [
            9.4711268,
            41.2023685
          ],
          [
            9.4710839,
            41.2023513
          ],
          [
            9.4708802,
            41.2022203
          ],
          [
            9.4708157,
            41.2022222
          ],
          [
            9.4707854,
            41.2022522
          ],
          [
            9.4706738,
            41.2023471
          ],
          [
            9.4705676,
            41.2023856
          ],
          [
            9.4705311,
            41.2023823
          ],
          [
            9.4704053,
            41.2023271
          ],
          [
            9.4703359,
            41.2022818
          ],
          [
            9.4703007,
            41.2022403
          ],
          [
            9.4702681,
            41.2021701
          ],
          [
            9.4702098,
            41.202101
          ],
          [
            9.4700175,
            41.2019129
          ],
          [
            9.4698196,
            41.2017791
          ],
          [
            9.4697091,
            41.201834
          ],
          [
            9.4696088,
            41.2019218
          ],
          [
            9.4694097,
            41.2019379
          ],
          [
            9.4694625,
            41.2020526
          ],
          [
            9.4694766,
            41.2021435
          ],
          [
            9.469433,
            41.2022676
          ],
          [
            9.4693704,
            41.2023686
          ],
          [
            9.4691853,
            41.2024869
          ],
          [
            9.4689971,
            41.2025505
          ],
          [
            9.4689103,
            41.2026247
          ]
        ]
      },
      "id": "relation/13491249"
    },
    {
      "type": "Feature",
      "properties": {
        "@id": "relation/13491254",
        "name": "Percorso 6",
        "network": "lwn",
        "route": "hiking",
        "type": "route",
        "difficulty": "Escursionistico (E)",
        "estimatedTime": "50 min",
        "lengthKm": 1.76
      },
      "geometry": {
        "type": "LineString",
        "coordinates": [
          [
            9.4664656,
            41.2113906
          ],
          [
            9.4665398,
            41.2113987
          ],
          [
            9.4666794,
            41.2112505
          ],
          [
            9.4674426,
            41.2110715
          ],
          [
            9.4675904,
            41.2108862
          ],
          [
            9.4678202,
            41.2105405
          ],
          [
            9.4681648,
            41.2101639
          ],
          [
            9.4683208,
            41.2101206
          ],
          [
            9.4684931,
            41.2099972
          ],
          [
            9.4686491,
            41.2096144
          ],
          [
            9.4689199,
            41.2092686
          ],
          [
            9.4692963,
            41.208752
          ],
          [
            9.4693467,
            41.2086203
          ],
          [
            9.4693566,
            41.2084993
          ],
          [
            9.4693959,
            41.2080214
          ],
          [
            9.4693631,
            41.2073175
          ],
          [
            9.4691661,
            41.2064037
          ],
          [
            9.469002,
            41.2059282
          ],
          [
            9.469002,
            41.2056319
          ],
          [
            9.4688625,
            41.2051996
          ],
          [
            9.4692265,
            41.2052582
          ],
          [
            9.4695679,
            41.2054558
          ],
          [
            9.4699041,
            41.2057838
          ],
          [
            9.4698681,
            41.2060153
          ],
          [
            9.4698461,
            41.2060854
          ],
          [
            9.4698197,
            41.2062688
          ],
          [
            9.4700512,
            41.2064121
          ],
          [
            9.4701405,
            41.2065069
          ],
          [
            9.4701507,
            41.2070499
          ],
          [
            9.4703087,
            41.2074616
          ],
          [
            9.4702665,
            41.2076648
          ],
          [
            9.4703745,
            41.2080105
          ],
          [
            9.4703926,
            41.2080402
          ],
          [
            9.4704871,
            41.2081627
          ],
          [
            9.4706394,
            41.2082298
          ],
          [
            9.4706815,
            41.208376
          ],
          [
            9.4707011,
            41.2085666
          ],
          [
            9.470713,
            41.2090676
          ],
          [
            9.4707603,
            41.2092928
          ],
          [
            9.4706762,
            41.2093995
          ],
          [
            9.4706447,
            41.2095576
          ],
          [
            9.4706342,
            41.2100989
          ],
          [
            9.4707188,
            41.2102642
          ],
          [
            9.4707893,
            41.2103768
          ],
          [
            9.4708183,
            41.2104886
          ],
          [
            9.470776,
            41.2105889
          ],
          [
            9.4706958,
            41.2107062
          ],
          [
            9.4706906,
            41.2109318
          ],
          [
            9.4705586,
            41.2110909
          ],
          [
            9.4705344,
            41.2112725
          ],
          [
            9.470632,
            41.2115913
          ],
          [
            9.4707074,
            41.2118619
          ],
          [
            9.4705926,
            41.2120704
          ],
          [
            9.4705701,
            41.2121278
          ],
          [
            9.4704941,
            41.212263
          ],
          [
            9.4704416,
            41.2123717
          ],
          [
            9.4704766,
            41.2124785
          ],
          [
            9.4704022,
            41.2126186
          ],
          [
            9.470376,
            41.2127372
          ],
          [
            9.4703497,
            41.2128557
          ],
          [
            9.4702906,
            41.21291
          ],
          [
            9.4701964,
            41.2129378
          ]
        ]
      },
      "id": "relation/13491254"
    },
    {
      "type": "Feature",
      "properties": {
        "@id": "relation/13491263",
        "name": "Percorso 7",
        "network": "lwn",
        "route": "hiking",
        "type": "route",
        "difficulty": "Turistico (T)",
        "estimatedTime": "34 min",
        "lengthKm": 0.82
      },
      "geometry": {
        "type": "LineString",
        "coordinates": [
          [
            9.4710007,
            41.2160895
          ],
          [
            9.4710947,
            41.2157752
          ],
          [
            9.4712244,
            41.2156436
          ],
          [
            9.4712244,
            41.2154024
          ],
          [
            9.4713285,
            41.2153632
          ],
          [
            9.471605,
            41.2153783
          ],
          [
            9.4717533,
            41.2153512
          ],
          [
            9.4718335,
            41.215306
          ],
          [
            9.4720619,
            41.2153301
          ],
          [
            9.4722342,
            41.2153241
          ],
          [
            9.4723304,
            41.2152788
          ],
          [
            9.4723825,
            41.2151974
          ],
          [
            9.4723384,
            41.2151372
          ],
          [
            9.4723825,
            41.2150558
          ],
          [
            9.4723224,
            41.21489
          ],
          [
            9.4723143,
            41.2145644
          ],
          [
            9.4725347,
            41.2142449
          ],
          [
            9.4725989,
            41.2141966
          ],
          [
            9.4725949,
            41.2139133
          ],
          [
            9.4725267,
            41.2138198
          ],
          [
            9.4726069,
            41.2136239
          ],
          [
            9.4727031,
            41.2134249
          ],
          [
            9.4726127,
            41.2133999
          ],
          [
            9.4724834,
            41.2133632
          ],
          [
            9.4724128,
            41.213321
          ],
          [
            9.4722006,
            41.2131981
          ],
          [
            9.4721274,
            41.2132201
          ],
          [
            9.4720641,
            41.2131872
          ],
          [
            9.4720177,
            41.2131468
          ],
          [
            9.4719958,
            41.2131193
          ],
          [
            9.4719664,
            41.2131266
          ],
          [
            9.4719446,
            41.213211
          ],
          [
            9.4719822,
            41.2134039
          ],
          [
            9.4719885,
            41.2134443
          ],
          [
            9.4719933,
            41.2134623
          ],
          [
            9.4719322,
            41.2134407
          ],
          [
            9.4719123,
            41.2134265
          ],
          [
            9.4718882,
            41.2134316
          ],
          [
            9.4718869,
            41.2135039
          ],
          [
            9.4718853,
            41.2135293
          ],
          [
            9.4718534,
            41.2135377
          ],
          [
            9.4717519,
            41.2134439
          ],
          [
            9.4715606,
            41.2133536
          ],
          [
            9.4714572,
            41.2132597
          ],
          [
            9.4713709,
            41.2131882
          ],
          [
            9.4713369,
            41.213183
          ],
          [
            9.4712496,
            41.2132843
          ],
          [
            9.471218,
            41.2132953
          ],
          [
            9.4711789,
            41.2132843
          ],
          [
            9.4711131,
            41.2131816
          ],
          [
            9.4710789,
            41.2131742
          ],
          [
            9.4710448,
            41.213189
          ],
          [
            9.470918,
            41.2132843
          ],
          [
            9.4708473,
            41.2132899
          ],
          [
            9.4707766,
            41.2132825
          ],
          [
            9.4707352,
            41.2132403
          ],
          [
            9.4706888,
            41.2131614
          ],
          [
            9.4706913,
            41.2130807
          ],
          [
            9.4706693,
            41.2130074
          ],
          [
            9.470562,
            41.2129028
          ],
          [
            9.4704401,
            41.2129339
          ],
          [
            9.4703231,
            41.2129487
          ],
          [
            9.4702694,
            41.2129523
          ],
          [
            9.4701964,
            41.2129378
          ],
          [
            9.4701517,
            41.2129747
          ],
          [
            9.4700805,
            41.2130137
          ],
          [
            9.4695526,
            41.2135055
          ]
        ]
      },
      "id": "relation/13491263"
    },
    {
      "type": "Feature",
      "properties": {
        "@id": "relation/13491267",
        "name": "Percorso 8",
        "network": "lwn",
        "route": "hiking",
        "type": "route",
        "difficulty": "Escursionistico (E)",
        "estimatedTime": "51 min",
        "lengthKm": 1.83
      },
      "geometry": {
        "type": "LineString",
        "coordinates": [
          [
            9.4724345,
            41.2226676
          ],
          [
            9.4718885,
            41.222314
          ],
          [
            9.4717229,
            41.2222093
          ],
          [
            9.4716716,
            41.22215
          ],
          [
            9.4716824,
            41.2220291
          ],
          [
            9.4715992,
            41.2219794
          ],
          [
            9.4715592,
            41.2219453
          ],
          [
            9.471503,
            41.2219216
          ],
          [
            9.4714468,
            41.2218504
          ],
          [
            9.4714054,
            41.2218259
          ],
          [
            9.4713817,
            41.221794
          ],
          [
            9.4713167,
            41.2217621
          ],
          [
            9.4713038,
            41.2217065
          ],
          [
            9.4712407,
            41.2216449
          ],
          [
            9.4711319,
            41.2216076
          ],
          [
            9.4710386,
            41.221553
          ],
          [
            9.4708286,
            41.2214373
          ],
          [
            9.470594,
            41.2212704
          ],
          [
            9.4704326,
            41.2211977
          ],
          [
            9.4703751,
            41.2211207
          ],
          [
            9.4702341,
            41.2210747
          ],
          [
            9.4701493,
            41.2211177
          ],
          [
            9.4699949,
            41.2209502
          ],
          [
            9.4698871,
            41.2208937
          ],
          [
            9.4697615,
            41.2208977
          ],
          [
            9.4696879,
            41.2209241
          ],
          [
            9.469613,
            41.2208908
          ],
          [
            9.4694641,
            41.2209049
          ],
          [
            9.4694558,
            41.2209966
          ],
          [
            9.469412,
            41.221239
          ],
          [
            9.4693441,
            41.2212597
          ],
          [
            9.4691885,
            41.2211944
          ],
          [
            9.4690403,
            41.2210919
          ],
          [
            9.468931,
            41.2210888
          ],
          [
            9.4688189,
            41.2211199
          ],
          [
            9.468692,
            41.2210847
          ],
          [
            9.4685654,
            41.2210288
          ],
          [
            9.4684472,
            41.2209467
          ],
          [
            9.4681898,
            41.2208695
          ],
          [
            9.4679216,
            41.220817
          ],
          [
            9.4676978,
            41.2208001
          ],
          [
            9.4675852,
            41.2207319
          ],
          [
            9.4674937,
            41.220633
          ],
          [
            9.4674311,
            41.2205099
          ],
          [
            9.4672151,
            41.2203267
          ],
          [
            9.4671786,
            41.2200927
          ],
          [
            9.4671062,
            41.2199273
          ],
          [
            9.4667414,
            41.2197518
          ],
          [
            9.466449,
            41.2196771
          ],
          [
            9.4662419,
            41.2197163
          ],
          [
            9.4662134,
            41.2196458
          ],
          [
            9.4661257,
            41.2195523
          ],
          [
            9.4660217,
            41.219448
          ],
          [
            9.465883,
            41.2193345
          ],
          [
            9.46583,
            41.2192102
          ],
          [
            9.465775,
            41.2189924
          ],
          [
            9.4657811,
            41.2187946
          ],
          [
            9.4656689,
            41.2185568
          ],
          [
            9.4656078,
            41.2184495
          ],
          [
            9.4654079,
            41.2184357
          ],
          [
            9.4653386,
            41.2184418
          ],
          [
            9.4652061,
            41.2184372
          ],
          [
            9.4651775,
            41.2183943
          ],
          [
            9.4650919,
            41.2183559
          ],
          [
            9.4648818,
            41.2183513
          ],
          [
            9.4647656,
            41.2183912
          ],
          [
            9.4645554,
            41.2185917
          ],
          [
            9.4644481,
            41.2186562
          ],
          [
            9.4642845,
            41.2186461
          ],
          [
            9.4642317,
            41.2185898
          ],
          [
            9.4640914,
            41.2185836
          ],
          [
            9.4640014,
            41.2184774
          ],
          [
            9.4639721,
            41.2182942
          ],
          [
            9.4639355,
            41.2181112
          ],
          [
            9.4639603,
            41.2179541
          ],
          [
            9.4640081,
            41.217853
          ],
          [
            9.4640277,
            41.217618
          ],
          [
            9.464036,
            41.2174761
          ],
          [
            9.4641387,
            41.2174098
          ],
          [
            9.4641815,
            41.2172957
          ],
          [
            9.4641221,
            41.2171061
          ],
          [
            9.4640908,
            41.2169036
          ],
          [
            9.4640895,
            41.2168188
          ],
          [
            9.4639286,
            41.2166757
          ],
          [
            9.463832,
            41.2165414
          ],
          [
            9.4637495,
            41.2163647
          ],
          [
            9.4636708,
            41.2161628
          ],
          [
            9.4636123,
            41.2160572
          ],
          [
            9.4636511,
            41.2159558
          ],
          [
            9.4634978,
            41.2158119
          ],
          [
            9.4634818,
            41.2157145
          ],
          [
            9.4634712,
            41.21565
          ],
          [
            9.463639,
            41.2155415
          ],
          [
            9.4637058,
            41.2154745
          ],
          [
            9.4638146,
            41.2154518
          ],
          [
            9.4640964,
            41.2154281
          ],
          [
            9.4642602,
            41.2152576
          ],
          [
            9.464483,
            41.2152862
          ],
          [
            9.464749,
            41.215298
          ],
          [
            9.4648762,
            41.21523
          ],
          [
            9.4650177,
            41.2152034
          ],
          [
            9.4651501,
            41.2151048
          ],
          [
            9.4652733,
            41.2149244
          ],
          [
            9.4653598,
            41.2147183
          ],
          [
            9.4654174,
            41.214529
          ],
          [
            9.4655957,
            41.2143664
          ],
          [
            9.4657988,
            41.2142461
          ],
          [
            9.465872,
            41.2140661
          ],
          [
            9.4659189,
            41.2139385
          ],
          [
            9.4659937,
            41.2136735
          ],
          [
            9.4660421,
            41.2134546
          ],
          [
            9.4660201,
            41.2131813
          ],
          [
            9.466193,
            41.2129161
          ],
          [
            9.4662882,
            41.2128695
          ]
        ]
      },
      "id": "relation/13491267"
    },
    {
      "type": "Feature",
      "properties": {
        "@id": "relation/13491268",
        "name": "Percorso 9",
        "network": "lwn",
        "route": "hiking",
        "type": "route",
        "difficulty": "Turistico (T)",
        "estimatedTime": "31 min",
        "lengthKm": 0.62
      },
      "geometry": {
        "type": "LineString",
        "coordinates": [
          [
            9.4730422,
            41.2220302
          ],
          [
            9.4732136,
            41.2220604
          ],
          [
            9.4733443,
            41.2221182
          ],
          [
            9.4734405,
            41.2221934
          ],
          [
            9.4735213,
            41.2222455
          ],
          [
            9.473602,
            41.2222715
          ],
          [
            9.4736751,
            41.2222687
          ],
          [
            9.473779,
            41.2222918
          ],
          [
            9.4738443,
            41.2223525
          ],
          [
            9.4739097,
            41.2224046
          ],
          [
            9.4740328,
            41.2224422
          ],
          [
            9.4740982,
            41.2224249
          ],
          [
            9.4741713,
            41.2224712
          ],
          [
            9.4742443,
            41.2225232
          ],
          [
            9.4743405,
            41.2225377
          ],
          [
            9.4744982,
            41.2225695
          ],
          [
            9.4746328,
            41.2226447
          ],
          [
            9.4747597,
            41.2227142
          ],
          [
            9.4749097,
            41.2227633
          ],
          [
            9.4750328,
            41.2227518
          ],
          [
            9.4751443,
            41.2227055
          ],
          [
            9.4751867,
            41.2226187
          ],
          [
            9.4751943,
            41.2225117
          ],
          [
            9.475202,
            41.2224046
          ],
          [
            9.475252,
            41.2222484
          ],
          [
            9.4753097,
            41.2222079
          ],
          [
            9.4753751,
            41.2221529
          ],
          [
            9.4753943,
            41.2221009
          ],
          [
            9.4753443,
            41.2220256
          ],
          [
            9.4753828,
            41.2219186
          ],
          [
            9.4754518,
            41.2216687
          ],
          [
            9.4754891,
            41.221581
          ],
          [
            9.4755982,
            41.2214789
          ],
          [
            9.4756683,
            41.2213666
          ],
          [
            9.4756758,
            41.2212972
          ],
          [
            9.4758367,
            41.2212503
          ],
          [
            9.475929,
            41.2211578
          ],
          [
            9.476029,
            41.2210305
          ],
          [
            9.4760636,
            41.2209176
          ],
          [
            9.4760905,
            41.2208106
          ],
          [
            9.4761405,
            41.2207151
          ],
          [
            9.476152,
            41.2206168
          ],
          [
            9.4761559,
            41.2205358
          ],
          [
            9.4762174,
            41.2204605
          ],
          [
            9.4762982,
            41.2203882
          ],
          [
            9.4763482,
            41.2203014
          ],
          [
            9.4763751,
            41.2202031
          ],
          [
            9.4763597,
            41.2201336
          ],
          [
            9.476429,
            41.2200584
          ],
          [
            9.4764328,
            41.2199774
          ],
          [
            9.4764106,
            41.2198352
          ],
          [
            9.4764099,
            41.2197904
          ],
          [
            9.476413,
            41.2197596
          ],
          [
            9.4763826,
            41.2195787
          ],
          [
            9.476355,
            41.2194916
          ],
          [
            9.4763138,
            41.2194618
          ],
          [
            9.4762712,
            41.2194117
          ],
          [
            9.4762356,
            41.2193447
          ],
          [
            9.4762264,
            41.219317
          ],
          [
            9.4762032,
            41.2192832
          ]
        ]
      },
      "id": "relation/13491268"
    },
    {
      "type": "Feature",
      "properties": {
        "@id": "relation/13491270",
        "name": "Percorso 10",
        "network": "lwn",
        "route": "hiking",
        "type": "route",
        "difficulty": "Escursionistico (E)",
        "estimatedTime": "45 min",
        "lengthKm": 1.45
      },
      "geometry": {
        "type": "LineString",
        "coordinates": [
          [
            9.4845713,
            41.2188983
          ],
          [
            9.4846173,
            41.2189981
          ],
          [
            9.4846711,
            41.2190948
          ],
          [
            9.4846546,
            41.2192306
          ],
          [
            9.4846692,
            41.21948
          ],
          [
            9.4846953,
            41.2197752
          ],
          [
            9.4846285,
            41.2199349
          ],
          [
            9.4845587,
            41.2201142
          ],
          [
            9.4844703,
            41.2202727
          ],
          [
            9.4843715,
            41.2203328
          ],
          [
            9.4842388,
            41.2203329
          ],
          [
            9.4841341,
            41.2203548
          ],
          [
            9.4840004,
            41.2203461
          ],
          [
            9.483948,
            41.220357
          ],
          [
            9.4838917,
            41.2203444
          ],
          [
            9.4838492,
            41.2203067
          ],
          [
            9.4837271,
            41.2203045
          ],
          [
            9.4835904,
            41.2202914
          ],
          [
            9.4833551,
            41.2203373
          ],
          [
            9.4832211,
            41.2203767
          ],
          [
            9.4831281,
            41.2204182
          ],
          [
            9.4830525,
            41.2204357
          ],
          [
            9.4829478,
            41.2204357
          ],
          [
            9.4828722,
            41.2204773
          ],
          [
            9.4827879,
            41.2205451
          ],
          [
            9.4826832,
            41.2205538
          ],
          [
            9.4826308,
            41.2206063
          ],
          [
            9.4824837,
            41.2206473
          ],
          [
            9.4823725,
            41.2206668
          ],
          [
            9.4822984,
            41.2206823
          ],
          [
            9.482235,
            41.2207016
          ],
          [
            9.4821536,
            41.2207232
          ],
          [
            9.4820622,
            41.2207176
          ],
          [
            9.4820026,
            41.2207432
          ],
          [
            9.4819609,
            41.2208157
          ],
          [
            9.4819297,
            41.2209356
          ],
          [
            9.4819475,
            41.2209972
          ],
          [
            9.4819639,
            41.2211035
          ],
          [
            9.4819416,
            41.2212066
          ],
          [
            9.4818776,
            41.221332
          ],
          [
            9.4818404,
            41.2214137
          ],
          [
            9.4817257,
            41.2214742
          ],
          [
            9.4816959,
            41.2215335
          ],
          [
            9.4816453,
            41.2217609
          ],
          [
            9.4816394,
            41.2218919
          ],
          [
            9.4816051,
            41.2219803
          ],
          [
            9.4814339,
            41.2222054
          ],
          [
            9.4813342,
            41.2222771
          ],
          [
            9.4812389,
            41.2223342
          ],
          [
            9.4810349,
            41.2223947
          ],
          [
            9.4808444,
            41.222463
          ],
          [
            9.4806002,
            41.2225033
          ],
          [
            9.480435,
            41.2225234
          ],
          [
            9.4802801,
            41.2225772
          ],
          [
            9.4800881,
            41.2227015
          ],
          [
            9.479762,
            41.2228392
          ],
          [
            9.4796563,
            41.2229198
          ],
          [
            9.4795581,
            41.2229277
          ],
          [
            9.4795179,
            41.2229064
          ],
          [
            9.4794836,
            41.2229064
          ],
          [
            9.4793779,
            41.2229377
          ],
          [
            9.4792469,
            41.2229478
          ],
          [
            9.4791499,
            41.2230533
          ],
          [
            9.4789968,
            41.2231281
          ],
          [
            9.4789001,
            41.22323
          ],
          [
            9.4788718,
            41.2232938
          ],
          [
            9.4788286,
            41.2233364
          ],
          [
            9.4788167,
            41.2233845
          ],
          [
            9.4786812,
            41.2235447
          ],
          [
            9.4786336,
            41.2236398
          ],
          [
            9.478641,
            41.2237675
          ],
          [
            9.4785621,
            41.2238817
          ],
          [
            9.4785562,
            41.2239993
          ],
          [
            9.4785606,
            41.2241359
          ],
          [
            9.4785428,
            41.224202
          ],
          [
            9.4785576,
            41.2242456
          ],
          [
            9.4785026,
            41.224343
          ],
          [
            9.4785026,
            41.2244304
          ],
          [
            9.4784921,
            41.2245771
          ],
          [
            9.4784356,
            41.2246667
          ],
          [
            9.478379,
            41.2247148
          ],
          [
            9.4782033,
            41.224857
          ],
          [
            9.4781735,
            41.2249298
          ],
          [
            9.4781319,
            41.2249858
          ],
          [
            9.4779577,
            41.2250821
          ],
          [
            9.4777805,
            41.2251526
          ],
          [
            9.477612,
            41.2251927
          ],
          [
            9.4775125,
            41.2252164
          ],
          [
            9.477252,
            41.2252948
          ],
          [
            9.4770838,
            41.2253911
          ],
          [
            9.4769766,
            41.2254829
          ],
          [
            9.476923,
            41.2255736
          ],
          [
            9.4768143,
            41.2256621
          ],
          [
            9.4767592,
            41.2257114
          ],
          [
            9.4766565,
            41.2257125
          ],
          [
            9.4765195,
            41.2256856
          ],
          [
            9.4764421,
            41.2256834
          ],
          [
            9.4761578,
            41.2256711
          ],
          [
            9.4761042,
            41.2256811
          ],
          [
            9.4759032,
            41.2257013
          ],
          [
            9.4756948,
            41.2257114
          ],
          [
            9.4755831,
            41.2257192
          ],
          [
            9.475467,
            41.2256767
          ],
          [
            9.4752407,
            41.2256285
          ],
          [
            9.4751705,
            41.2256431
          ],
          [
            9.4751413,
            41.2256494
          ],
          [
            9.4751267,
            41.2256814
          ],
          [
            9.4750925,
            41.2257734
          ],
          [
            9.4750278,
            41.225848
          ],
          [
            9.4749653,
            41.2258737
          ],
          [
            9.4749578,
            41.2259107
          ],
          [
            9.4749087,
            41.2259555
          ],
          [
            9.4748357,
            41.2259835
          ],
          [
            9.4746958,
            41.226174
          ],
          [
            9.474535,
            41.2263765
          ],
          [
            9.4745007,
            41.2264233
          ],
          [
            9.4744576,
            41.2264634
          ],
          [
            9.4743183,
            41.2265673
          ],
          [
            9.4741517,
            41.2266269
          ]
        ]
      },
      "id": "relation/13491270"
    },
    {
      "type": "Feature",
      "properties": {
        "@id": "relation/13491350",
        "name": "Percorso 12",
        "network": "lwn",
        "route": "hiking",
        "type": "route",
        "difficulty": "Turistico (T)",
        "estimatedTime": "38 min",
        "lengthKm": 1.04
      },
      "geometry": {
        "type": "LineString",
        "coordinates": [
          [
            9.4697963,
            41.2402084
          ],
          [
            9.4700171,
            41.2403768
          ],
          [
            9.4701072,
            41.2403593
          ],
          [
            9.4705208,
            41.2403982
          ],
          [
            9.4705931,
            41.2402738
          ],
          [
            9.4709033,
            41.2401727
          ],
          [
            9.4711101,
            41.2401805
          ],
          [
            9.4712549,
            41.2400094
          ],
          [
            9.4714203,
            41.240025
          ],
          [
            9.4717408,
            41.2397684
          ],
          [
            9.471989,
            41.2395585
          ],
          [
            9.4718753,
            41.2392553
          ],
          [
            9.4716685,
            41.2390065
          ],
          [
            9.4716788,
            41.2387732
          ],
          [
            9.471927,
            41.2385244
          ],
          [
            9.4719683,
            41.2382134
          ],
          [
            9.4723612,
            41.2376302
          ],
          [
            9.4727128,
            41.237257
          ],
          [
            9.4732815,
            41.2371248
          ],
          [
            9.4735296,
            41.2370471
          ],
          [
            9.4737674,
            41.2368449
          ],
          [
            9.4742534,
            41.2372259
          ],
          [
            9.4744705,
            41.2375058
          ],
          [
            9.4747084,
            41.2374359
          ],
          [
            9.4750185,
            41.2375214
          ],
          [
            9.4754838,
            41.2375214
          ],
          [
            9.475701,
            41.2375991
          ],
          [
            9.4764868,
            41.2375058
          ],
          [
            9.4766315,
            41.2374359
          ],
          [
            9.4770348,
            41.2374048
          ],
          [
            9.4772519,
            41.2372182
          ],
          [
            9.4772106,
            41.2371015
          ],
          [
            9.4774791,
            41.2366718
          ]
        ]
      },
      "id": "relation/13491350"
    },
    {
      "type": "Feature",
      "properties": {
        "@id": "relation/13491351",
        "name": "Percorso 13",
        "network": "lwn",
        "route": "hiking",
        "type": "route",
        "difficulty": "Turistico (T)",
        "estimatedTime": "33 min",
        "lengthKm": 0.74
      },
      "geometry": {
        "type": "LineString",
        "coordinates": [
          [
            9.4689741,
            41.2385141
          ],
          [
            9.4689979,
            41.2386449
          ],
          [
            9.4690509,
            41.2387127
          ],
          [
            9.4690423,
            41.2387568
          ],
          [
            9.4691153,
            41.2388881
          ],
          [
            9.4691525,
            41.2389161
          ],
          [
            9.4691725,
            41.2390205
          ],
          [
            9.4692026,
            41.2390442
          ],
          [
            9.4692226,
            41.239238
          ],
          [
            9.4692696,
            41.2394341
          ],
          [
            9.4692613,
            41.2396427
          ],
          [
            9.4693608,
            41.2397893
          ],
          [
            9.4693597,
            41.2399967
          ],
          [
            9.4693744,
            41.2401432
          ],
          [
            9.4694144,
            41.2401883
          ],
          [
            9.4697963,
            41.2402084
          ],
          [
            9.4697825,
            41.2402439
          ],
          [
            9.4696559,
            41.2404456
          ],
          [
            9.4696323,
            41.240607
          ],
          [
            9.4695338,
            41.2406683
          ],
          [
            9.4693514,
            41.2407184
          ],
          [
            9.4691977,
            41.2407663
          ],
          [
            9.4692119,
            41.240878
          ],
          [
            9.4693105,
            41.2411346
          ],
          [
            9.4694423,
            41.2414326
          ],
          [
            9.4695088,
            41.2416521
          ],
          [
            9.4695745,
            41.2419284
          ],
          [
            9.4695874,
            41.242114
          ],
          [
            9.469523,
            41.2422205
          ],
          [
            9.4693199,
            41.2423248
          ],
          [
            9.4691281,
            41.2423629
          ],
          [
            9.468922,
            41.2423724
          ],
          [
            9.4689086,
            41.2424551
          ],
          [
            9.4691044,
            41.2425398
          ],
          [
            9.4692927,
            41.2425405
          ],
          [
            9.469388,
            41.2426129
          ],
          [
            9.4694182,
            41.2426809
          ],
          [
            9.4694611,
            41.2428201
          ],
          [
            9.4695362,
            41.2429835
          ],
          [
            9.4695577,
            41.2430883
          ],
          [
            9.4695818,
            41.2432114
          ],
          [
            9.4696704,
            41.2433203
          ],
          [
            9.4697025,
            41.2434473
          ],
          [
            9.4696569,
            41.2435502
          ],
          [
            9.4696811,
            41.2436732
          ],
          [
            9.4697213,
            41.2437781
          ],
          [
            9.4697562,
            41.2438648
          ]
        ]
      },
      "id": "relation/13491351"
    },
    {
      "type": "Feature",
      "properties": {
        "@id": "relation/13491352",
        "name": "Percorso 14",
        "network": "lwn",
        "route": "hiking",
        "type": "route",
        "difficulty": "Turistico (T)",
        "estimatedTime": "37 min",
        "lengthKm": 0.98
      },
      "geometry": {
        "type": "LineString",
        "coordinates": [
          [
            9.4669353,
            41.2384991
          ],
          [
            9.4668459,
            41.23858
          ],
          [
            9.4668366,
            41.2386773
          ],
          [
            9.4667601,
            41.2387978
          ],
          [
            9.4666069,
            41.2389936
          ],
          [
            9.4665029,
            41.2390614
          ],
          [
            9.4664318,
            41.2391387
          ],
          [
            9.4663425,
            41.2391874
          ],
          [
            9.4662395,
            41.2393391
          ],
          [
            9.4661178,
            41.2394037
          ],
          [
            9.4660276,
            41.2395341
          ],
          [
            9.4658559,
            41.2397437
          ],
          [
            9.4656527,
            41.2398047
          ],
          [
            9.4656309,
            41.2398904
          ],
          [
            9.4656497,
            41.2399527
          ],
          [
            9.4656368,
            41.2399979
          ],
          [
            9.4656479,
            41.2400502
          ],
          [
            9.465624,
            41.2400862
          ],
          [
            9.4656225,
            41.2401368
          ],
          [
            9.465591,
            41.2402032
          ],
          [
            9.4655381,
            41.2402347
          ],
          [
            9.4655368,
            41.2402806
          ],
          [
            9.4654522,
            41.2403649
          ],
          [
            9.4654452,
            41.2404729
          ],
          [
            9.4654085,
            41.2405097
          ],
          [
            9.4654386,
            41.2405286
          ],
          [
            9.4654452,
            41.2405871
          ],
          [
            9.4653799,
            41.2406297
          ],
          [
            9.4653391,
            41.2406938
          ],
          [
            9.4652904,
            41.2407175
          ],
          [
            9.4653014,
            41.2407606
          ],
          [
            9.4652271,
            41.2408496
          ],
          [
            9.4651674,
            41.240933
          ],
          [
            9.4650726,
            41.2410574
          ],
          [
            9.4649972,
            41.2411451
          ],
          [
            9.4648977,
            41.2412579
          ],
          [
            9.464852,
            41.2413677
          ],
          [
            9.464818,
            41.2414526
          ],
          [
            9.4647629,
            41.2415097
          ],
          [
            9.4646996,
            41.2415376
          ],
          [
            9.4646992,
            41.2416017
          ],
          [
            9.4646639,
            41.2416527
          ],
          [
            9.4646246,
            41.2418167
          ],
          [
            9.4646337,
            41.2418872
          ],
          [
            9.4646048,
            41.2419243
          ],
          [
            9.4645273,
            41.2419812
          ],
          [
            9.4645466,
            41.2420853
          ],
          [
            9.4645525,
            41.2421566
          ],
          [
            9.4645434,
            41.2422017
          ],
          [
            9.4645389,
            41.2422459
          ],
          [
            9.4645259,
            41.2422882
          ],
          [
            9.4645492,
            41.2423416
          ],
          [
            9.4646069,
            41.2423529
          ],
          [
            9.464667,
            41.2423374
          ],
          [
            9.4647094,
            41.2423334
          ],
          [
            9.4647458,
            41.242311
          ],
          [
            9.4648338,
            41.2423019
          ],
          [
            9.4648667,
            41.2423229
          ],
          [
            9.4649161,
            41.2423206
          ],
          [
            9.4650278,
            41.2423175
          ],
          [
            9.4650449,
            41.2423616
          ],
          [
            9.4650927,
            41.2423835
          ],
          [
            9.4651408,
            41.2424047
          ],
          [
            9.465258,
            41.242405
          ],
          [
            9.4654654,
            41.2424351
          ],
          [
            9.4654923,
            41.2424289
          ],
          [
            9.4655309,
            41.2423939
          ],
          [
            9.4655667,
            41.242388
          ],
          [
            9.4655989,
            41.2423498
          ],
          [
            9.4656678,
            41.2423222
          ],
          [
            9.465712,
            41.2423277
          ],
          [
            9.4658209,
            41.242292
          ],
          [
            9.4658959,
            41.2422534
          ],
          [
            9.4659231,
            41.242269
          ],
          [
            9.465946,
            41.2422561
          ],
          [
            9.4659518,
            41.2422308
          ],
          [
            9.465979,
            41.2422233
          ],
          [
            9.4659875,
            41.2422098
          ],
          [
            9.4660877,
            41.2421415
          ],
          [
            9.4661121,
            41.242134
          ],
          [
            9.4661563,
            41.2421431
          ],
          [
            9.4661908,
            41.2421329
          ],
          [
            9.4661951,
            41.2421011
          ],
          [
            9.4661922,
            41.2420769
          ],
          [
            9.4662316,
            41.2420231
          ],
          [
            9.4662736,
            41.2420081
          ],
          [
            9.4662789,
            41.2419467
          ],
          [
            9.4663225,
            41.2419187
          ],
          [
            9.4663347,
            41.241867
          ],
          [
            9.4663932,
            41.2418214
          ],
          [
            9.4663869,
            41.2417771
          ],
          [
            9.466374,
            41.2417492
          ],
          [
            9.4663833,
            41.2416953
          ],
          [
            9.4664051,
            41.2416494
          ],
          [
            9.4664127,
            41.2416146
          ],
          [
            9.4664893,
            41.2415926
          ],
          [
            9.4665462,
            41.24156
          ],
          [
            9.4665709,
            41.2415554
          ],
          [
            9.4666374,
            41.2415796
          ],
          [
            9.4667693,
            41.2415869
          ],
          [
            9.4669245,
            41.2415234
          ],
          [
            9.4673084,
            41.2414891
          ],
          [
            9.467341,
            41.2415038
          ],
          [
            9.4673718,
            41.2415307
          ],
          [
            9.4674502,
            41.2416509
          ],
          [
            9.4674648,
            41.2417023
          ],
          [
            9.4675078,
            41.2417373
          ],
          [
            9.4675904,
            41.2418005
          ],
          [
            9.4677418,
            41.2418396
          ],
          [
            9.4681776,
            41.2420091
          ],
          [
            9.4682634,
            41.242085
          ],
          [
            9.468358,
            41.2420635
          ],
          [
            9.4684761,
            41.2421076
          ],
          [
            9.4686121,
            41.2421334
          ],
          [
            9.4687947,
            41.2422415
          ],
          [
            9.468922,
            41.2423724
          ]
        ]
      },
      "id": "relation/13491352"
    },
    {
      "type": "Feature",
      "properties": {
        "@id": "relation/13491353",
        "name": "Percorso 15",
        "network": "lwn",
        "route": "hiking",
        "type": "route",
        "difficulty": "Escursionistico (E)",
        "estimatedTime": "49 min",
        "lengthKm": 1.71
      },
      "geometry": {
        "type": "LineString",
        "coordinates": [
          [
            9.472958,
            41.2298959
          ],
          [
            9.472882,
            41.2300216
          ],
          [
            9.4727909,
            41.2300559
          ],
          [
            9.4726541,
            41.2300788
          ],
          [
            9.4723882,
            41.2304788
          ],
          [
            9.4724185,
            41.2306616
          ],
          [
            9.472335,
            41.2307416
          ],
          [
            9.4722362,
            41.2307816
          ],
          [
            9.4720386,
            41.2310502
          ],
          [
            9.4718411,
            41.2311816
          ],
          [
            9.4712104,
            41.2314445
          ],
          [
            9.4705114,
            41.2316331
          ],
          [
            9.470367,
            41.2316788
          ],
          [
            9.4702303,
            41.2318502
          ],
          [
            9.4701315,
            41.2319702
          ],
          [
            9.4700175,
            41.2322959
          ],
          [
            9.4699567,
            41.2326559
          ],
          [
            9.4699871,
            41.2328616
          ],
          [
            9.4698428,
            41.2329702
          ],
          [
            9.4697136,
            41.2332387
          ],
          [
            9.4695768,
            41.2333244
          ],
          [
            9.4695768,
            41.2334844
          ],
          [
            9.4693945,
            41.2336901
          ],
          [
            9.4693337,
            41.2338959
          ],
          [
            9.4692273,
            41.2343187
          ],
          [
            9.4691893,
            41.2348844
          ],
          [
            9.4690981,
            41.2353701
          ],
          [
            9.4690222,
            41.2360671
          ],
          [
            9.4689234,
            41.23629
          ],
          [
            9.4689234,
            41.2364614
          ],
          [
            9.4690374,
            41.2366328
          ],
          [
            9.4690981,
            41.2367528
          ],
          [
            9.469045,
            41.2368785
          ],
          [
            9.4689842,
            41.2370328
          ],
          [
            9.4689918,
            41.2371642
          ],
          [
            9.4687182,
            41.2372899
          ],
          [
            9.4684903,
            41.2374213
          ],
          [
            9.4683995,
            41.2376293
          ],
          [
            9.4684827,
            41.2377813
          ],
          [
            9.468703,
            41.237947
          ],
          [
            9.468893,
            41.2380555
          ],
          [
            9.4690736,
            41.2381023
          ],
          [
            9.4691152,
            41.2382295
          ],
          [
            9.4689741,
            41.2385141
          ],
          [
            9.468762,
            41.2384314
          ],
          [
            9.4685038,
            41.2383384
          ],
          [
            9.4682313,
            41.2382981
          ],
          [
            9.4680037,
            41.2382528
          ],
          [
            9.4677721,
            41.2382863
          ],
          [
            9.4674601,
            41.2382994
          ],
          [
            9.4673746,
            41.2382649
          ],
          [
            9.467215,
            41.2382976
          ],
          [
            9.4671427,
            41.2383435
          ],
          [
            9.4670854,
            41.2384433
          ],
          [
            9.4669353,
            41.2384991
          ],
          [
            9.4668272,
            41.2384324
          ],
          [
            9.4666448,
            41.238385
          ],
          [
            9.4663471,
            41.2383406
          ],
          [
            9.4658209,
            41.2380311
          ],
          [
            9.4654593,
            41.2380572
          ],
          [
            9.4652031,
            41.2380078
          ],
          [
            9.4650124,
            41.2380056
          ],
          [
            9.4647721,
            41.2380087
          ],
          [
            9.4645661,
            41.2377993
          ],
          [
            9.4640781,
            41.2378897
          ],
          [
            9.4638419,
            41.2377916
          ],
          [
            9.4636929,
            41.2377913
          ],
          [
            9.4635226,
            41.2376944
          ],
          [
            9.4631558,
            41.2376351
          ]
        ]
      },
      "id": "relation/13491353"
    },
    {
      "type": "Feature",
      "properties": {
        "@id": "relation/13491354",
        "name": "Percorso 16",
        "network": "lwn",
        "route": "hiking",
        "type": "route",
        "difficulty": "Turistico (T)",
        "estimatedTime": "42 min",
        "lengthKm": 1.31
      },
      "geometry": {
        "type": "LineString",
        "coordinates": [
          [
            9.458926,
            41.2227006
          ],
          [
            9.4590713,
            41.2227914
          ],
          [
            9.4591706,
            41.2227828
          ],
          [
            9.4592908,
            41.2227874
          ],
          [
            9.4593961,
            41.222855
          ],
          [
            9.4595007,
            41.2228275
          ],
          [
            9.4597067,
            41.2227785
          ],
          [
            9.4599435,
            41.2228286
          ],
          [
            9.460108,
            41.2228954
          ],
          [
            9.4602165,
            41.2230562
          ],
          [
            9.4602867,
            41.223179
          ],
          [
            9.460314,
            41.223255
          ],
          [
            9.4602738,
            41.2235063
          ],
          [
            9.4606723,
            41.2235468
          ],
          [
            9.4606334,
            41.2236755
          ],
          [
            9.4605556,
            41.2238306
          ],
          [
            9.4604544,
            41.2239506
          ],
          [
            9.4603105,
            41.2241408
          ],
          [
            9.4602016,
            41.2243046
          ],
          [
            9.4601782,
            41.2244568
          ],
          [
            9.4602405,
            41.224565
          ],
          [
            9.4603222,
            41.2247932
          ],
          [
            9.4603689,
            41.2249922
          ],
          [
            9.4603572,
            41.2251122
          ],
          [
            9.4604112,
            41.2251544
          ],
          [
            9.4604583,
            41.2251912
          ],
          [
            9.4604467,
            41.2253082
          ],
          [
            9.4603611,
            41.225437
          ],
          [
            9.46033,
            41.2256125
          ],
          [
            9.4603144,
            41.2257413
          ],
          [
            9.4602171,
            41.2258144
          ],
          [
            9.4601705,
            41.2259666
          ],
          [
            9.460116,
            41.2261948
          ],
          [
            9.4601316,
            41.2263294
          ],
          [
            9.4602288,
            41.226423
          ],
          [
            9.460365,
            41.2265488
          ],
          [
            9.4603416,
            41.2266395
          ],
          [
            9.4602738,
            41.226862
          ],
          [
            9.4603765,
            41.2270165
          ],
          [
            9.4603443,
            41.2271597
          ],
          [
            9.4602773,
            41.2272666
          ],
          [
            9.4602317,
            41.2273372
          ],
          [
            9.4602303,
            41.2273468
          ],
          [
            9.4603117,
            41.2274013
          ],
          [
            9.4603396,
            41.2274532
          ],
          [
            9.4604006,
            41.2274521
          ],
          [
            9.4606559,
            41.2275344
          ],
          [
            9.4608334,
            41.227681
          ],
          [
            9.4609757,
            41.2279508
          ],
          [
            9.4609927,
            41.2279721
          ],
          [
            9.4611216,
            41.2279685
          ],
          [
            9.46123,
            41.2280838
          ],
          [
            9.4613005,
            41.2280851
          ],
          [
            9.461379,
            41.2280876
          ],
          [
            9.4615356,
            41.2281218
          ],
          [
            9.4616244,
            41.2280841
          ],
          [
            9.461735,
            41.2281209
          ],
          [
            9.461843,
            41.2280962
          ],
          [
            9.4619321,
            41.228128
          ],
          [
            9.4621012,
            41.2280775
          ],
          [
            9.4622502,
            41.2280864
          ],
          [
            9.4625613,
            41.2280913
          ],
          [
            9.4627352,
            41.2281364
          ],
          [
            9.4628724,
            41.2284463
          ],
          [
            9.463123,
            41.2286105
          ],
          [
            9.4632674,
            41.2288787
          ],
          [
            9.4633678,
            41.2289389
          ],
          [
            9.4633866,
            41.2290337
          ],
          [
            9.4634147,
            41.2291934
          ],
          [
            9.4635938,
            41.2292264
          ],
          [
            9.4636659,
            41.2292856
          ],
          [
            9.4637004,
            41.2292995
          ],
          [
            9.4637125,
            41.2293398
          ],
          [
            9.463744,
            41.2293666
          ],
          [
            9.463744,
            41.2294301
          ],
          [
            9.4637639,
            41.2294902
          ],
          [
            9.4638044,
            41.2295083
          ],
          [
            9.4639056,
            41.2294921
          ],
          [
            9.4640082,
            41.2295007
          ],
          [
            9.4640491,
            41.2295476
          ],
          [
            9.4641299,
            41.2295676
          ],
          [
            9.464204,
            41.2296117
          ],
          [
            9.4642472,
            41.2296852
          ],
          [
            9.4643046,
            41.2297826
          ],
          [
            9.4643482,
            41.2298124
          ],
          [
            9.4644046,
            41.2298179
          ],
          [
            9.4647171,
            41.2298627
          ],
          [
            9.4648484,
            41.2298784
          ],
          [
            9.4649432,
            41.2298437
          ],
          [
            9.4650355,
            41.229822
          ],
          [
            9.46514,
            41.2298111
          ],
          [
            9.4652837,
            41.2296884
          ],
          [
            9.4653393,
            41.229657
          ],
          [
            9.4654597,
            41.2296319
          ],
          [
            9.4656534,
            41.2296001
          ],
          [
            9.4657503,
            41.2295833
          ]
        ]
      },
      "id": "relation/13491354"
    },
    {
      "type": "Feature",
      "properties": {
        "@id": "relation/13491355",
        "name": "Percorso Variante",
        "network": "lwn",
        "route": "hiking",
        "type": "route"
      },
      "geometry": {
        "type": "LineString",
        "coordinates": [
          [
            9.4613931,
            41.2445949
          ],
          [
            9.4615406,
            41.244492
          ],
          [
            9.4616318,
            41.2443892
          ],
          [
            9.4616425,
            41.244244
          ],
          [
            9.4616157,
            41.2440927
          ],
          [
            9.4617927,
            41.2439354
          ],
          [
            9.4620395,
            41.2437579
          ],
          [
            9.4621012,
            41.2436188
          ],
          [
            9.4622996,
            41.2435542
          ],
          [
            9.4624981,
            41.2436551
          ],
          [
            9.4627342,
            41.2436046
          ],
          [
            9.4628924,
            41.243532
          ],
          [
            9.4629943,
            41.243403
          ],
          [
            9.4632894,
            41.2432255
          ],
          [
            9.4633162,
            41.2430742
          ],
          [
            9.4634181,
            41.2428564
          ],
          [
            9.4637641,
            41.2428584
          ],
          [
            9.4640109,
            41.2430157
          ],
          [
            9.4641181,
            41.2428746
          ],
          [
            9.4644079,
            41.2426244
          ],
          [
            9.4644937,
            41.2424611
          ],
          [
            9.4644935,
            41.2423702
          ],
          [
            9.4645003,
            41.2423218
          ],
          [
            9.4645043,
            41.2422972
          ],
          [
            9.4645259,
            41.2422882
          ],
          [
            9.4643449,
            41.2422509
          ],
          [
            9.4643013,
            41.242212
          ],
          [
            9.4642448,
            41.2422222
          ],
          [
            9.4642032,
            41.2422039
          ],
          [
            9.4641312,
            41.2422136
          ],
          [
            9.4640171,
            41.2421512
          ],
          [
            9.463927,
            41.2421501
          ],
          [
            9.463883,
            41.2421001
          ],
          [
            9.4636702,
            41.2420863
          ],
          [
            9.46352,
            41.2421041
          ],
          [
            9.4633784,
            41.2419978
          ],
          [
            9.4632398,
            41.2418732
          ],
          [
            9.4629515,
            41.241725
          ],
          [
            9.4628656,
            41.2416029
          ],
          [
            9.462828,
            41.2415354
          ],
          [
            9.462824,
            41.241492
          ],
          [
            9.4628321,
            41.2414436
          ],
          [
            9.4626255,
            41.2413992
          ],
          [
            9.4625008,
            41.2413539
          ],
          [
            9.4624257,
            41.2413499
          ],
          [
            9.462415,
            41.2413105
          ],
          [
            9.4624673,
            41.2412167
          ],
          [
            9.4624982,
            41.2410987
          ],
          [
            9.462415,
            41.2408698
          ],
          [
            9.4625062,
            41.2405955
          ],
          [
            9.4629809,
            41.2403333
          ],
          [
            9.4630963,
            41.2401942
          ],
          [
            9.4630533,
            41.2399884
          ],
          [
            9.4629729,
            41.2397887
          ],
          [
            9.462643,
            41.2394862
          ],
          [
            9.4624364,
            41.2393612
          ],
          [
            9.4624096,
            41.2391918
          ],
          [
            9.4625518,
            41.2389558
          ],
          [
            9.4623131,
            41.2387863
          ],
          [
            9.4623291,
            41.2385786
          ],
          [
            9.4624472,
            41.2385019
          ],
          [
            9.4627744,
            41.2384697
          ],
          [
            9.4628312,
            41.2384764
          ],
          [
            9.463115,
            41.2385101
          ],
          [
            9.4633403,
            41.2384798
          ],
          [
            9.4634852,
            41.2384485
          ],
          [
            9.4637585,
            41.2384062
          ],
          [
            9.4639197,
            41.2382821
          ],
          [
            9.4639841,
            41.2380784
          ],
          [
            9.4640292,
            41.2379879
          ],
          [
            9.4640781,
            41.2378897
          ]
        ]
      },
      "id": "relation/13491355"
    },
    {
      "type": "Feature",
      "id": "maddalena-compacted-1",
      "properties": {
        "name": "Isola Maddalena - La Maddalena - Carlotto - Colmi",
        "route": "hiking",
        "type": "route",
        "island": "La Maddalena",
        "difficulty": "Escursionistico (E)",
        "estimatedTime": "Da definire",
        "lengthKm": 33.14,
        "maddiNote": "Partenza dal paese della Maddalena verso Punta Nera, lungo la costa occidentale fino alla Scogliera di Tegge, Batteria Nido d'Aquila, Cala Francese e Fortezza dei Colmi, con rientro al punto di partenza.",
        "description": "Partenza dal paese della Maddalena verso Punta Nera, lungo la costa occidentale fino alla Scogliera di Tegge, Batteria Nido d'Aquila, Cala Francese e Fortezza dei Colmi, con rientro al punto di partenza."
      },
      "geometry": {
        "type": "MultiLineString",
        "coordinates": [
          [
            [
              9.3907247,
              41.2272917
            ],
            [
              9.3907769,
              41.2273192
            ],
            [
              9.3907799,
              41.2273856
            ],
            [
              9.3907652,
              41.2274364
            ],
            [
              9.3906769,
              41.2274696
            ],
            [
              9.3905239,
              41.2275958
            ],
            [
              9.390368,
              41.2277971
            ],
            [
              9.3903032,
              41.2280118
            ],
            [
              9.3902356,
              41.2280737
            ],
            [
              9.390062,
              41.2281467
            ],
            [
              9.3899649,
              41.2283149
            ],
            [
              9.3897707,
              41.2285517
            ],
            [
              9.3897589,
              41.2288305
            ],
            [
              9.3897001,
              41.229096
            ],
            [
              9.389603,
              41.2292553
            ],
            [
              9.3895912,
              41.2294722
            ],
            [
              9.3896324,
              41.2296846
            ],
            [
              9.389603,
              41.2298904
            ],
            [
              9.389553,
              41.2300696
            ],
            [
              9.3895089,
              41.2300851
            ],
            [
              9.3894588,
              41.2299944
            ],
            [
              9.3894353,
              41.229959
            ],
            [
              9.3894065,
              41.2300462
            ],
            [
              9.3893876,
              41.2301683
            ],
            [
              9.3894182,
              41.2303506
            ],
            [
              9.3894747,
              41.2304533
            ],
            [
              9.389423,
              41.2305489
            ],
            [
              9.3894018,
              41.230717
            ],
            [
              9.38943,
              41.2308799
            ],
            [
              9.3894488,
              41.2309578
            ],
            [
              9.3894418,
              41.2310569
            ],
            [
              9.3893265,
              41.2312782
            ],
            [
              9.3891852,
              41.2314322
            ],
            [
              9.3891076,
              41.2314711
            ],
            [
              9.3890111,
              41.2316375
            ],
            [
              9.3889734,
              41.2317862
            ],
            [
              9.3889287,
              41.231903
            ],
            [
              9.3889946,
              41.2319915
            ],
            [
              9.389117,
              41.2320907
            ],
            [
              9.3891476,
              41.2322199
            ],
            [
              9.3891758,
              41.2323048
            ],
            [
              9.389277,
              41.2324677
            ],
            [
              9.3893053,
              41.232565
            ],
            [
              9.3893265,
              41.2326429
            ],
            [
              9.3895383,
              41.2327934
            ]
          ],
          [
            [
              9.4042418,
              41.2186528
            ],
            [
              9.4035474,
              41.2186117
            ]
          ],
          [
            [
              9.3764581,
              41.2956141
            ],
            [
              9.3769906,
              41.2959526
            ],
            [
              9.37752,
              41.2962487
            ],
            [
              9.3789387,
              41.2969651
            ],
            [
              9.3790847,
              41.2970199
            ],
            [
              9.3792412,
              41.2970356
            ],
            [
              9.3794394,
              41.2970199
            ],
            [
              9.3797888,
              41.2969572
            ],
            [
              9.3802687,
              41.296969
            ],
            [
              9.3803938,
              41.2970082
            ],
            [
              9.3806077,
              41.2971453
            ],
            [
              9.3806494,
              41.2972276
            ],
            [
              9.3806703,
              41.2973412
            ],
            [
              9.3807329,
              41.2974
            ],
            [
              9.381098,
              41.2975646
            ],
            [
              9.3812023,
              41.2975763
            ],
            [
              9.3814422,
              41.2975803
            ],
            [
              9.3817447,
              41.2975724
            ],
            [
              9.3819116,
              41.2975999
            ],
            [
              9.3824376,
              41.2977177
            ],
            [
              9.3824496,
              41.2977215
            ],
            [
              9.3829857,
              41.297888
            ],
            [
              9.3830637,
              41.2979638
            ],
            [
              9.3830955,
              41.2980505
            ],
            [
              9.3831216,
              41.2981524
            ],
            [
              9.3830955,
              41.2982621
            ],
            [
              9.3830434,
              41.2984737
            ],
            [
              9.3830799,
              41.2985246
            ],
            [
              9.3831529,
              41.2985481
            ],
            [
              9.3832676,
              41.2985559
            ],
            [
              9.3834239,
              41.298542
            ],
            [
              9.383587,
              41.2985122
            ],
            [
              9.3837123,
              41.2985249
            ],
            [
              9.3838101,
              41.2985638
            ]
          ],
          [
            [
              9.3549405,
              41.2454371
            ],
            [
              9.3549643,
              41.2452937
            ],
            [
              9.3549013,
              41.2451676
            ],
            [
              9.3547099,
              41.2451075
            ],
            [
              9.3544523,
              41.2449349
            ],
            [
              9.3543128,
              41.2448542
            ],
            [
              9.3542269,
              41.2447816
            ],
            [
              9.3542055,
              41.2447332
            ],
            [
              9.3542466,
              41.244599
            ]
          ],
          [
            [
              9.3559006,
              41.2448542
            ],
            [
              9.3557355,
              41.244734
            ],
            [
              9.3555477,
              41.244613
            ],
            [
              9.3553492,
              41.2444819
            ],
            [
              9.3552259,
              41.2444739
            ],
            [
              9.3550837,
              41.2444033
            ],
            [
              9.3550032,
              41.2442924
            ],
            [
              9.3547779,
              41.2442399
            ],
            [
              9.3545178,
              41.2441008
            ],
            [
              9.3544415,
              41.2441282
            ],
            [
              9.3546883,
              41.2444751
            ],
            [
              9.3548423,
              41.2447607
            ]
          ],
          [
            [
              9.3449085,
              41.2405328
            ],
            [
              9.3450375,
              41.2405784
            ],
            [
              9.3450941,
              41.2407288
            ],
            [
              9.3454042,
              41.2414943
            ],
            [
              9.3454827,
              41.2417027
            ],
            [
              9.3455868,
              41.2420946
            ],
            [
              9.345654,
              41.2423533
            ],
            [
              9.3456732,
              41.2424863
            ],
            [
              9.3457736,
              41.2426299
            ],
            [
              9.3459602,
              41.2427394
            ],
            [
              9.3460813,
              41.242859
            ],
            [
              9.3461721,
              41.2429361
            ],
            [
              9.346157,
              41.2430362
            ],
            [
              9.3461868,
              41.2431388
            ],
            [
              9.3461878,
              41.2432222
            ],
            [
              9.3461882,
              41.2432598
            ],
            [
              9.3461857,
              41.2432802
            ],
            [
              9.3462259,
              41.2434051
            ],
            [
              9.3462458,
              41.2437256
            ],
            [
              9.3462098,
              41.2439255
            ],
            [
              9.3461822,
              41.244332
            ],
            [
              9.3461882,
              41.2444285
            ],
            [
              9.346217,
              41.2445068
            ],
            [
              9.3464153,
              41.2446923
            ],
            [
              9.3466673,
              41.2446284
            ],
            [
              9.3468091,
              41.2446453
            ],
            [
              9.3468654,
              41.2447683
            ],
            [
              9.3467885,
              41.2448845
            ],
            [
              9.3469733,
              41.2452013
            ],
            [
              9.3470772,
              41.245401
            ],
            [
              9.3472042,
              41.2457656
            ],
            [
              9.3472446,
              41.2461997
            ],
            [
              9.3471695,
              41.2465426
            ],
            [
              9.3471869,
              41.2469029
            ],
            [
              9.347285,
              41.2471112
            ],
            [
              9.3473831,
              41.2472241
            ],
            [
              9.3474635,
              41.2472872
            ],
            [
              9.3475621,
              41.2472762
            ],
            [
              9.3479893,
              41.2472067
            ],
            [
              9.3484511,
              41.2471242
            ],
            [
              9.3486128,
              41.2471459
            ],
            [
              9.3487456,
              41.2472197
            ],
            [
              9.3489996,
              41.2474541
            ],
            [
              9.3493748,
              41.2477883
            ],
            [
              9.3496057,
              41.247975
            ],
            [
              9.3502927,
              41.2481226
            ],
            [
              9.3504197,
              41.2484481
            ],
            [
              9.3505236,
              41.2487302
            ],
            [
              9.3506391,
              41.2488214
            ],
            [
              9.3508585,
              41.2488127
            ],
            [
              9.3510931,
              41.2485258
            ],
            [
              9.3512498,
              41.2483036
            ],
            [
              9.3513955,
              41.2482325
            ],
            [
              9.3515513,
              41.2481369
            ],
            [
              9.3515808,
              41.2480458
            ],
            [
              9.3515099,
              41.2478658
            ],
            [
              9.3515099,
              41.2477102
            ],
            [
              9.3516222,
              41.2475902
            ],
            [
              9.3517523,
              41.2475213
            ],
            [
              9.3519237,
              41.2475035
            ],
            [
              9.3520774,
              41.2474124
            ],
            [
              9.35217,
              41.2473185
            ],
            [
              9.3522636,
              41.2472235
            ],
            [
              9.3523996,
              41.247008
            ],
            [
              9.3523434,
              41.2467857
            ],
            [
              9.3523227,
              41.2466679
            ],
            [
              9.352308,
              41.2465946
            ],
            [
              9.35237,
              41.2465924
            ],
            [
              9.3524173,
              41.2465479
            ],
            [
              9.3525469,
              41.24659
            ],
            [
              9.3528163,
              41.2465724
            ],
            [
              9.3532935,
              41.2465967
            ],
            [
              9.353465,
              41.2466318
            ],
            [
              9.3536369,
              41.2466289
            ],
            [
              9.3538085,
              41.2466612
            ],
            [
              9.3539864,
              41.2466959
            ],
            [
              9.3541733,
              41.2466612
            ],
            [
              9.3543664,
              41.2465805
            ],
            [
              9.354463,
              41.2464999
            ],
            [
              9.3545595,
              41.2463789
            ],
            [
              9.354699,
              41.2462498
            ],
            [
              9.3549405,
              41.2454371
            ],
            [
              9.3551094,
              41.2453564
            ],
            [
              9.3552515,
              41.2452475
            ],
            [
              9.3553669,
              41.2451669
            ],
            [
              9.3555359,
              41.2452011
            ],
            [
              9.3556432,
              41.2451688
            ],
            [
              9.3559006,
              41.2448542
            ]
          ],
          [
            [
              9.4041281,
              41.2571317
            ],
            [
              9.4040689,
              41.2573315
            ],
            [
              9.4039804,
              41.2574807
            ],
            [
              9.4040175,
              41.2576023
            ],
            [
              9.4040206,
              41.2576864
            ],
            [
              9.4040824,
              41.2579764
            ],
            [
              9.4038098,
              41.2581955
            ],
            [
              9.403655,
              41.2582561
            ],
            [
              9.4033664,
              41.2581862
            ],
            [
              9.4029366,
              41.2580888
            ],
            [
              9.4026091,
              41.2581763
            ],
            [
              9.4023582,
              41.2581697
            ],
            [
              9.402306,
              41.2582678
            ],
            [
              9.4021755,
              41.25836
            ],
            [
              9.4021913,
              41.258399
            ],
            [
              9.4020972,
              41.2584777
            ],
            [
              9.4019734,
              41.2585132
            ],
            [
              9.4020454,
              41.2588711
            ],
            [
              9.4018904,
              41.2591124
            ],
            [
              9.4017576,
              41.2594994
            ],
            [
              9.4015749,
              41.2601277
            ],
            [
              9.4013978,
              41.2607061
            ]
          ],
          [
            [
              9.4019734,
              41.2585132
            ],
            [
              9.4016484,
              41.2585464
            ],
            [
              9.4013979,
              41.2586229
            ],
            [
              9.4011892,
              41.2586523
            ],
            [
              9.4007795,
              41.2586523
            ],
            [
              9.4007038,
              41.2587857
            ],
            [
              9.4006543,
              41.2588308
            ],
            [
              9.4004011,
              41.2588269
            ],
            [
              9.4003568,
              41.2588641
            ],
            [
              9.4001689,
              41.2588779
            ],
            [
              9.3999445,
              41.258768
            ],
            [
              9.3997853,
              41.258823
            ],
            [
              9.3997071,
              41.2588131
            ],
            [
              9.3996862,
              41.2588504
            ],
            [
              9.3998062,
              41.258874
            ],
            [
              9.3998427,
              41.2589701
            ],
            [
              9.3998401,
              41.2590642
            ],
            [
              9.3997044,
              41.2591917
            ],
            [
              9.3994409,
              41.2593271
            ],
            [
              9.3993757,
              41.259333
            ],
            [
              9.3993391,
              41.2594075
            ],
            [
              9.399587,
              41.2594095
            ],
            [
              9.3999289,
              41.2594252
            ],
            [
              9.400015,
              41.2594507
            ],
            [
              9.3999915,
              41.2595527
            ],
            [
              9.3998975,
              41.2597194
            ],
            [
              9.4000019,
              41.2597841
            ],
            [
              9.4001219,
              41.2598645
            ],
            [
              9.4002759,
              41.2598704
            ],
            [
              9.4003176,
              41.2598704
            ],
            [
              9.4003803,
              41.2599018
            ],
            [
              9.4003777,
              41.2599332
            ],
            [
              9.4005786,
              41.2599391
            ],
            [
              9.400589,
              41.2602157
            ],
            [
              9.400576,
              41.2602412
            ],
            [
              9.4005838,
              41.2603118
            ],
            [
              9.4005238,
              41.2604197
            ],
            [
              9.4005134,
              41.2604981
            ],
            [
              9.4004377,
              41.2605864
            ],
            [
              9.4004951,
              41.2607198
            ],
            [
              9.400589,
              41.2607217
            ],
            [
              9.400743,
              41.2609179
            ],
            [
              9.4009596,
              41.2609767
            ],
            [
              9.4010483,
              41.2608885
            ],
            [
              9.4012022,
              41.2608433
            ],
            [
              9.4012883,
              41.2607531
            ],
            [
              9.4013978,
              41.2607061
            ],
            [
              9.4014345,
              41.2607629
            ],
            [
              9.4013797,
              41.2608512
            ],
            [
              9.4013431,
              41.2609414
            ],
            [
              9.4015023,
              41.2608375
            ],
            [
              9.4016354,
              41.2607845
            ],
            [
              9.4017293,
              41.260655
            ],
            [
              9.4018363,
              41.2606099
            ],
            [
              9.4019485,
              41.260555
            ],
            [
              9.4020868,
              41.2603961
            ],
            [
              9.4021233,
              41.2602353
            ],
            [
              9.4022956,
              41.2601195
            ],
            [
              9.4023451,
              41.2600372
            ],
            [
              9.4023373,
              41.2599665
            ],
            [
              9.4024208,
              41.2598273
            ],
            [
              9.4024808,
              41.2597527
            ],
            [
              9.4026035,
              41.2597037
            ],
            [
              9.4027939,
              41.2596213
            ],
            [
              9.4028801,
              41.2595448
            ],
            [
              9.4030314,
              41.2596252
            ],
            [
              9.4032402,
              41.2595664
            ],
            [
              9.4033785,
              41.2594232
            ],
            [
              9.4034045,
              41.2595389
            ],
            [
              9.4034593,
              41.2595311
            ],
            [
              9.4035481,
              41.2595742
            ],
            [
              9.4035846,
              41.2594997
            ],
            [
              9.4036864,
              41.2594977
            ],
            [
              9.4037307,
              41.259431
            ],
            [
              9.4038821,
              41.2594781
            ],
            [
              9.4039108,
              41.2593114
            ],
            [
              9.4040595,
              41.2593055
            ],
            [
              9.4040465,
              41.2592643
            ],
            [
              9.4039395,
              41.258976
            ],
            [
              9.404036,
              41.2587876
            ],
            [
              9.4041404,
              41.2587621
            ],
            [
              9.4041195,
              41.2586464
            ],
            [
              9.4043022,
              41.2587053
            ],
            [
              9.4043517,
              41.2586719
            ],
            [
              9.4042526,
              41.2585542
            ],
            [
              9.404297,
              41.2584581
            ],
            [
              9.4041534,
              41.2583227
            ],
            [
              9.4041534,
              41.2582109
            ],
            [
              9.4041665,
              41.2580815
            ],
            [
              9.4040824,
              41.2579764
            ]
          ],
          [
            [
              9.3409476,
              41.2512792
            ],
            [
              9.3409531,
              41.2512556
            ],
            [
              9.3409633,
              41.251211
            ],
            [
              9.3410014,
              41.2511515
            ],
            [
              9.3409833,
              41.2510683
            ],
            [
              9.3408921,
              41.2509998
            ],
            [
              9.340809,
              41.2509151
            ],
            [
              9.3407392,
              41.2508284
            ],
            [
              9.3407017,
              41.2507638
            ],
            [
              9.3406829,
              41.250665
            ],
            [
              9.3406293,
              41.2505884
            ],
            [
              9.3405998,
              41.2504936
            ],
            [
              9.3405247,
              41.2504603
            ],
            [
              9.3404523,
              41.2503807
            ],
            [
              9.3403651,
              41.2502426
            ],
            [
              9.3403302,
              41.250177
            ],
            [
              9.3402042,
              41.2500863
            ],
            [
              9.3401478,
              41.2499783
            ],
            [
              9.3400472,
              41.2498443
            ],
            [
              9.3399594,
              41.2496829
            ],
            [
              9.3400177,
              41.2496305
            ],
            [
              9.3399748,
              41.2495539
            ],
            [
              9.3399855,
              41.2494873
            ],
            [
              9.3399453,
              41.249443
            ],
            [
              9.3398327,
              41.2493563
            ],
            [
              9.339712,
              41.2491667
            ],
            [
              9.3395296,
              41.2489832
            ],
            [
              9.3394008,
              41.2489025
            ],
            [
              9.3392882,
              41.2487654
            ],
            [
              9.3392318,
              41.2487533
            ],
            [
              9.3393043,
              41.2486827
            ],
            [
              9.3394598,
              41.2486262
            ],
            [
              9.3393941,
              41.248435
            ],
            [
              9.3393266,
              41.2484219
            ],
            [
              9.3392721,
              41.2482088
            ],
            [
              9.3392077,
              41.2480918
            ],
            [
              9.3391534,
              41.2479209
            ],
            [
              9.338872,
              41.247608
            ],
            [
              9.3388349,
              41.2474586
            ],
            [
              9.3386418,
              41.247267
            ],
            [
              9.3386525,
              41.2471238
            ],
            [
              9.3387598,
              41.2469504
            ],
            [
              9.33902,
              41.2468234
            ],
            [
              9.3391585,
              41.2465925
            ],
            [
              9.3392956,
              41.2460499
            ],
            [
              9.3395842,
              41.2456321
            ],
            [
              9.3397165,
              41.2455024
            ],
            [
              9.3403203,
              41.2449105
            ],
            [
              9.3407316,
              41.2444655
            ],
            [
              9.3409042,
              41.2441845
            ],
            [
              9.3409109,
              41.2440191
            ],
            [
              9.34098,
              41.2437834
            ],
            [
              9.341206,
              41.2433646
            ],
            [
              9.3414675,
              41.2431216
            ],
            [
              9.3415832,
              41.2428649
            ],
            [
              9.3415681,
              41.2424762
            ],
            [
              9.341713,
              41.2418176
            ],
            [
              9.341814,
              41.2409494
            ],
            [
              9.3418455,
              41.2405894
            ],
            [
              9.3421312,
              41.2404663
            ],
            [
              9.3423449,
              41.2405199
            ],
            [
              9.3426449,
              41.2403898
            ],
            [
              9.3429418,
              41.2401866
            ],
            [
              9.3431291,
              41.2401437
            ],
            [
              9.3434992,
              41.2401547
            ]
          ],
          [
            [
              9.3760639,
              41.2286293
            ],
            [
              9.3759997,
              41.2286294
            ],
            [
              9.3759021,
              41.228618
            ],
            [
              9.3757724,
              41.228595
            ],
            [
              9.3756805,
              41.2285655
            ],
            [
              9.3755886,
              41.2285314
            ],
            [
              9.3753304,
              41.2284906
            ],
            [
              9.3750904,
              41.2282823
            ],
            [
              9.3750497,
              41.2282189
            ],
            [
              9.3748142,
              41.2282234
            ]
          ],
          [
            [
              9.3750497,
              41.2282189
            ],
            [
              9.375053,
              41.2281244
            ],
            [
              9.3750044,
              41.227929
            ],
            [
              9.374915,
              41.2278369
            ],
            [
              9.3749048,
              41.2276784
            ],
            [
              9.3749137,
              41.2276036
            ],
            [
              9.3750814,
              41.2275803
            ],
            [
              9.3751312,
              41.2275573
            ],
            [
              9.3751991,
              41.227526
            ],
            [
              9.3752942,
              41.2274626
            ],
            [
              9.3752127,
              41.2273856
            ],
            [
              9.3751402,
              41.2273222
            ],
            [
              9.3752532,
              41.227309
            ],
            [
              9.3752794,
              41.2273069
            ],
            [
              9.375345,
              41.2272899
            ]
          ],
          [
            [
              9.3764581,
              41.2956141
            ],
            [
              9.3762268,
              41.2957768
            ],
            [
              9.376039,
              41.295938
            ],
            [
              9.3758996,
              41.2959743
            ],
            [
              9.3757225,
              41.2960831
            ],
            [
              9.3756099,
              41.2961314
            ],
            [
              9.3754919,
              41.2962362
            ],
            [
              9.3753148,
              41.2962644
            ],
            [
              9.3750144,
              41.2963773
            ],
            [
              9.3745638,
              41.2964579
            ],
            [
              9.3741937,
              41.2965304
            ],
            [
              9.3739147,
              41.2965707
            ],
            [
              9.3737109,
              41.2966796
            ],
            [
              9.3735929,
              41.2966594
            ],
            [
              9.3735339,
              41.2966191
            ],
            [
              9.3734431,
              41.296635
            ],
            [
              9.3733032,
              41.2966594
            ],
            [
              9.3730457,
              41.2968085
            ],
            [
              9.3729706,
              41.2968529
            ],
            [
              9.372933,
              41.2969697
            ],
            [
              9.3727721,
              41.2970826
            ],
            [
              9.3726763,
              41.297199
            ],
            [
              9.3726219,
              41.2972599
            ],
            [
              9.3725253,
              41.2973123
            ],
            [
              9.3723805,
              41.2975138
            ],
            [
              9.3722732,
              41.2976831
            ],
            [
              9.3722732,
              41.2977879
            ],
            [
              9.3723483,
              41.2978483
            ],
            [
              9.3720694,
              41.2984287
            ],
            [
              9.3720425,
              41.2985859
            ],
            [
              9.3721016,
              41.2987108
            ],
            [
              9.3721069,
              41.2988478
            ],
            [
              9.372005,
              41.2990574
            ],
            [
              9.3720533,
              41.2992226
            ],
            [
              9.3721345,
              41.2992725
            ],
            [
              9.3722713,
              41.2993088
            ],
            [
              9.3723893,
              41.299343
            ],
            [
              9.3724966,
              41.2993511
            ],
            [
              9.3726093,
              41.2993793
            ],
            [
              9.3726951,
              41.2994438
            ],
            [
              9.3727139,
              41.2995425
            ],
            [
              9.3727729,
              41.2995889
            ],
            [
              9.372789,
              41.2996735
            ],
            [
              9.3728346,
              41.2997843
            ],
            [
              9.3728158,
              41.299871
            ],
            [
              9.3728399,
              41.2999415
            ],
            [
              9.3729526,
              41.300004
            ],
            [
              9.3730035,
              41.3000282
            ],
            [
              9.3729445,
              41.3001309
            ],
            [
              9.3728989,
              41.3001652
            ],
            [
              9.3729123,
              41.3002599
            ],
            [
              9.3729714,
              41.3003203
            ],
            [
              9.3729687,
              41.3004251
            ],
            [
              9.3730089,
              41.3005218
            ]
          ],
          [
            [
              9.3617962,
              41.2935504
            ],
            [
              9.3620054,
              41.2935464
            ],
            [
              9.3621583,
              41.2935726
            ],
            [
              9.3623353,
              41.2935443
            ],
            [
              9.362456,
              41.293496
            ],
            [
              9.3626733,
              41.2934758
            ],
            [
              9.3628074,
              41.2934436
            ],
            [
              9.3628825,
              41.2934234
            ],
            [
              9.3629496,
              41.2934154
            ],
            [
              9.3630032,
              41.2933912
            ],
            [
              9.3630864,
              41.293365
            ],
            [
              9.3631883,
              41.2933711
            ],
            [
              9.3633036,
              41.2933408
            ],
            [
              9.3634458,
              41.2933247
            ],
            [
              9.3635262,
              41.2932945
            ],
            [
              9.3635933,
              41.2932421
            ],
            [
              9.3636684,
              41.2931735
            ],
            [
              9.3636889,
              41.2931613
            ],
            [
              9.3636983,
              41.2931575
            ],
            [
              9.3637542,
              41.2931332
            ],
            [
              9.3637974,
              41.2931207
            ],
            [
              9.3639018,
              41.2931272
            ],
            [
              9.364001,
              41.2931373
            ],
            [
              9.3640493,
              41.2932038
            ],
            [
              9.3640248,
              41.2932633
            ],
            [
              9.3639661,
              41.2932985
            ]
          ],
          [
            [
              9.4017093,
              41.1923823
            ],
            [
              9.4017413,
              41.1923522
            ],
            [
              9.4017954,
              41.1923146
            ],
            [
              9.4018973,
              41.1922783
            ],
            [
              9.4019992,
              41.192248
            ],
            [
              9.4020824,
              41.19224
            ],
            [
              9.4021709,
              41.1922521
            ],
            [
              9.402254,
              41.1922218
            ],
            [
              9.4022862,
              41.1921935
            ],
            [
              9.4023721,
              41.1921653
            ],
            [
              9.4025464,
              41.1921229
            ],
            [
              9.4027207,
              41.1920745
            ],
            [
              9.4027771,
              41.1920179
            ],
            [
              9.402887,
              41.1919352
            ],
            [
              9.4027556,
              41.1917616
            ],
            [
              9.4026778,
              41.1916748
            ],
            [
              9.4026564,
              41.1916122
            ],
            [
              9.4026617,
              41.1915638
            ],
            [
              9.4027288,
              41.1915214
            ],
            [
              9.4027797,
              41.191481
            ],
            [
              9.4027932,
              41.1914427
            ],
            [
              9.4027637,
              41.1914064
            ],
            [
              9.4027234,
              41.1913801
            ],
            [
              9.4026912,
              41.1913599
            ]
          ],
          [
            [
              9.4025485,
              41.1945818
            ],
            [
              9.4025401,
              41.1945764
            ],
            [
              9.4025035,
              41.1945651
            ],
            [
              9.4024525,
              41.1945288
            ],
            [
              9.4023935,
              41.1944541
            ],
            [
              9.4023184,
              41.1943269
            ],
            [
              9.4022004,
              41.194117
            ],
            [
              9.4021333,
              41.1940504
            ],
            [
              9.4021092,
              41.1940302
            ],
            [
              9.4021038,
              41.1939919
            ],
            [
              9.4021038,
              41.1939455
            ],
            [
              9.4020904,
              41.1939091
            ],
            [
              9.4020341,
              41.193895
            ],
            [
              9.4019214,
              41.1938688
            ],
            [
              9.401849,
              41.1938466
            ],
            [
              9.4018329,
              41.1938163
            ]
          ],
          [
            [
              9.4091305,
              41.1926286
            ],
            [
              9.4091098,
              41.1925165
            ],
            [
              9.4090668,
              41.192466
            ],
            [
              9.4090642,
              41.1923853
            ],
            [
              9.4090749,
              41.1922985
            ],
            [
              9.4091098,
              41.1922016
            ],
            [
              9.4091634,
              41.1921471
            ],
            [
              9.4092519,
              41.1921027
            ],
            [
              9.4092868,
              41.192026
            ],
            [
              9.4093217,
              41.1919816
            ],
            [
              9.4094289,
              41.1919574
            ],
            [
              9.4095899,
              41.1919473
            ],
            [
              9.409732,
              41.1919251
            ],
            [
              9.4098956,
              41.1918867
            ],
            [
              9.4099395,
              41.1918635
            ],
            [
              9.4099895,
              41.1918444
            ],
            [
              9.4102122,
              41.1917192
            ],
            [
              9.4103597,
              41.1916546
            ],
            [
              9.4104562,
              41.1916486
            ],
            [
              9.410534,
              41.1916566
            ],
            [
              9.410585,
              41.1916768
            ],
            [
              9.4107808,
              41.1917757
            ],
            [
              9.4107888,
              41.1918726
            ]
          ],
          [
            [
              9.4003743,
              41.2405664
            ],
            [
              9.4001931,
              41.2408284
            ],
            [
              9.4000318,
              41.2409706
            ],
            [
              9.3998168,
              41.2410874
            ],
            [
              9.3997989,
              41.2411563
            ],
            [
              9.3998945,
              41.2412117
            ],
            [
              9.3996854,
              41.2414138
            ],
            [
              9.399556,
              41.2416638
            ],
            [
              9.3994743,
              41.2417132
            ],
            [
              9.3992234,
              41.2416683
            ],
            [
              9.3989049,
              41.2415141
            ],
            [
              9.3983477,
              41.2413241
            ],
            [
              9.3980648,
              41.2412661
            ],
            [
              9.3979018,
              41.2412762
            ],
            [
              9.39782,
              41.2413367
            ],
            [
              9.3976993,
              41.2413604
            ],
            [
              9.3975323,
              41.2413438
            ],
            [
              9.3973627,
              41.2412898
            ],
            [
              9.3972051,
              41.2412465
            ],
            [
              9.39712,
              41.2412107
            ],
            [
              9.3969248,
              41.2411633
            ],
            [
              9.3968088,
              41.2411976
            ],
            [
              9.3965238,
              41.2412434
            ],
            [
              9.396373,
              41.241314
            ],
            [
              9.3962684,
              41.2413937
            ],
            [
              9.3961631,
              41.2414113
            ],
            [
              9.395972,
              41.2414078
            ],
            [
              9.3957762,
              41.2413871
            ],
            [
              9.3956803,
              41.2413357
            ],
            [
              9.3955978,
              41.2413266
            ],
            [
              9.3954442,
              41.241249
            ],
            [
              9.3954483,
              41.2411532
            ],
            [
              9.3955542,
              41.2410181
            ],
            [
              9.3955488,
              41.2408597
            ],
            [
              9.3956025,
              41.2407367
            ],
            [
              9.3957312,
              41.2405774
            ],
            [
              9.395805,
              41.2404372
            ],
            [
              9.3958278,
              41.2403172
            ],
            [
              9.3958975,
              41.2401407
            ],
            [
              9.3959311,
              41.2399642
            ],
            [
              9.3960209,
              41.2398583
            ],
            [
              9.3960424,
              41.2397797
            ],
            [
              9.3961161,
              41.2397222
            ],
            [
              9.3962114,
              41.2395679
            ],
            [
              9.3962516,
              41.2394318
            ],
            [
              9.3962476,
              41.2392613
            ],
            [
              9.3961872,
              41.2391776
            ],
            [
              9.3960692,
              41.2390748
            ],
            [
              9.3959633,
              41.2389497
            ],
            [
              9.3958989,
              41.2387591
            ],
            [
              9.3958305,
              41.2385796
            ],
            [
              9.3958077,
              41.2384606
            ],
            [
              9.3958107,
              41.2382459
            ]
          ],
          [
            [
              9.4010314,
              41.2431145
            ],
            [
              9.4011748,
              41.2430398
            ],
            [
              9.4013141,
              41.2429469
            ],
            [
              9.4013799,
              41.2428975
            ],
            [
              9.4014575,
              41.2428885
            ],
            [
              9.4014754,
              41.2428496
            ],
            [
              9.4015511,
              41.2428272
            ],
            [
              9.4015869,
              41.2427852
            ],
            [
              9.4016586,
              41.2427733
            ],
            [
              9.4017661,
              41.2428077
            ],
            [
              9.4018473,
              41.242867
            ]
          ],
          [
            [
              9.405631,
              41.2535809
            ],
            [
              9.4057584,
              41.2536897
            ],
            [
              9.4058044,
              41.254001
            ],
            [
              9.4059424,
              41.2542058
            ],
            [
              9.4059743,
              41.254283
            ],
            [
              9.405924,
              41.2544367
            ]
          ],
          [
            [
              9.4041641,
              41.2545367
            ],
            [
              9.4043144,
              41.2545304
            ],
            [
              9.4044276,
              41.2545757
            ],
            [
              9.4045763,
              41.2545996
            ],
            [
              9.4046188,
              41.2546395
            ],
            [
              9.4046966,
              41.2546555
            ],
            [
              9.4047037,
              41.2547167
            ],
            [
              9.4047214,
              41.2547859
            ],
            [
              9.4048303,
              41.254825
            ]
          ],
          [
            [
              9.404126,
              41.2564736
            ],
            [
              9.4042829,
              41.2566026
            ],
            [
              9.4044331,
              41.2566913
            ],
            [
              9.4044465,
              41.2568808
            ],
            [
              9.4045028,
              41.2569958
            ],
            [
              9.4046342,
              41.257026
            ],
            [
              9.404784,
              41.2570941
            ]
          ],
          [
            [
              9.4045028,
              41.2569958
            ],
            [
              9.4042695,
              41.2570018
            ],
            [
              9.4040403,
              41.2569662
            ]
          ],
          [
            [
              9.3760639,
              41.2286293
            ],
            [
              9.3760934,
              41.2285859
            ],
            [
              9.3761444,
              41.2285173
            ],
            [
              9.3762584,
              41.2284104
            ],
            [
              9.3762664,
              41.2283751
            ],
            [
              9.3762477,
              41.2283479
            ],
            [
              9.3762141,
              41.2283398
            ],
            [
              9.3761122,
              41.2283267
            ],
            [
              9.3760331,
              41.2282964
            ],
            [
              9.3759714,
              41.2282379
            ],
            [
              9.375954,
              41.2281966
            ],
            [
              9.3759271,
              41.2281179
            ],
            [
              9.3758802,
              41.2280463
            ],
            [
              9.3759057,
              41.2279837
            ],
            [
              9.3758856,
              41.2279495
            ],
            [
              9.3758279,
              41.2279101
            ],
            [
              9.3756106,
              41.2278335
            ],
            [
              9.3755811,
              41.2278163
            ],
            [
              9.375557,
              41.2277739
            ],
            [
              9.3755436,
              41.2277144
            ],
            [
              9.3754792,
              41.2275783
            ],
            [
              9.3754363,
              41.2275299
            ],
            [
              9.3754162,
              41.2274835
            ],
            [
              9.3754242,
              41.2274441
            ],
            [
              9.3754685,
              41.2273945
            ]
          ],
          [
            [
              9.3565861,
              41.2805885
            ],
            [
              9.3565549,
              41.2805367
            ],
            [
              9.3565297,
              41.2804767
            ],
            [
              9.3565575,
              41.2804258
            ],
            [
              9.3565821,
              41.2803378
            ],
            [
              9.3565451,
              41.2802938
            ],
            [
              9.3564681,
              41.2802706
            ],
            [
              9.3564342,
              41.2802336
            ],
            [
              9.3563818,
              41.2802104
            ],
            [
              9.3564065,
              41.2801664
            ],
            [
              9.3563882,
              41.2801464
            ],
            [
              9.3563664,
              41.2801178
            ],
            [
              9.3563619,
              41.2800934
            ],
            [
              9.3563506,
              41.2800794
            ],
            [
              9.3563444,
              41.2800577
            ],
            [
              9.3563449,
              41.2800206
            ],
            [
              9.3563127,
              41.279976
            ],
            [
              9.3562832,
              41.2799187
            ],
            [
              9.3562771,
              41.2798515
            ],
            [
              9.3562956,
              41.2797821
            ],
            [
              9.356287,
              41.2797466
            ],
            [
              9.3562579,
              41.2797449
            ],
            [
              9.3561847,
              41.2796895
            ],
            [
              9.3561662,
              41.2796432
            ],
            [
              9.35616,
              41.2796154
            ],
            [
              9.3562201,
              41.2795895
            ],
            [
              9.3562981,
              41.2796095
            ],
            [
              9.3563685,
              41.2796473
            ],
            [
              9.3564449,
              41.2796513
            ],
            [
              9.3565261,
              41.279675
            ],
            [
              9.3565696,
              41.2797249
            ],
            [
              9.3566018,
              41.2797557
            ],
            [
              9.3567038,
              41.2797501
            ],
            [
              9.356862,
              41.2797859
            ],
            [
              9.3570015,
              41.279805
            ],
            [
              9.3570927,
              41.279802
            ],
            [
              9.357259,
              41.2798322
            ],
            [
              9.3573743,
              41.2798786
            ],
            [
              9.3575594,
              41.2798796
            ],
            [
              9.357777,
              41.2799596
            ]
          ],
          [
            [
              9.35616,
              41.2796154
            ],
            [
              9.3560368,
              41.2795853
            ],
            [
              9.3559567,
              41.2795714
            ],
            [
              9.3559104,
              41.2795065
            ],
            [
              9.3559197,
              41.2794672
            ],
            [
              9.3558704,
              41.2793885
            ],
            [
              9.3558542,
              41.2793039
            ],
            [
              9.3557516,
              41.2793406
            ],
            [
              9.3556561,
              41.2793503
            ],
            [
              9.3555839,
              41.2793881
            ],
            [
              9.3554993,
              41.2794306
            ],
            [
              9.3554355,
              41.2794794
            ],
            [
              9.355428,
              41.2795199
            ],
            [
              9.3552685,
              41.2796253
            ],
            [
              9.3551381,
              41.2796882
            ]
          ],
          [
            [
              9.3558542,
              41.2793039
            ],
            [
              9.355866,
              41.2792683
            ],
            [
              9.3558558,
              41.279195
            ],
            [
              9.3558436,
              41.279143
            ],
            [
              9.3558253,
              41.2790911
            ],
            [
              9.3558192,
              41.2790514
            ],
            [
              9.355823,
              41.2790168
            ]
          ],
          [
            [
              9.3456095,
              41.2292959
            ],
            [
              9.3455505,
              41.2292596
            ],
            [
              9.3454834,
              41.2292
            ],
            [
              9.3454338,
              41.2292253
            ],
            [
              9.3454606,
              41.2292928
            ]
          ],
          [
            [
              9.3460963,
              41.2304892
            ],
            [
              9.3459105,
              41.2305194
            ],
            [
              9.3458515,
              41.2305436
            ],
            [
              9.3458073,
              41.2306051
            ],
            [
              9.3457402,
              41.2306132
            ],
            [
              9.3456785,
              41.2305708
            ],
            [
              9.345582,
              41.2305255
            ],
            [
              9.3452668,
              41.2304347
            ],
            [
              9.345299,
              41.2304085
            ],
            [
              9.3452977,
              41.2302965
            ],
            [
              9.3453942,
              41.2300706
            ],
            [
              9.3455297,
              41.2299435
            ],
            [
              9.3456477,
              41.2298755
            ],
            [
              9.3456053,
              41.2298327
            ],
            [
              9.3456725,
              41.2297226
            ],
            [
              9.3456041,
              41.2294119
            ],
            [
              9.3455961,
              41.2293463
            ],
            [
              9.3456095,
              41.2292959
            ],
            [
              9.3456524,
              41.2292364
            ],
            [
              9.345702,
              41.229193
            ],
            [
              9.3457489,
              41.2291496
            ]
          ],
          [
            [
              9.3532171,
              41.2338252
            ],
            [
              9.35315,
              41.2337707
            ],
            [
              9.3531292,
              41.2336887
            ],
            [
              9.3530642,
              41.2336035
            ],
            [
              9.353044,
              41.2335165
            ]
          ],
          [
            [
              9.3539433,
              41.2340222
            ],
            [
              9.3539459,
              41.2340701
            ],
            [
              9.3539627,
              41.2341054
            ],
            [
              9.3539127,
              41.2341496
            ],
            [
              9.3538737,
              41.2341601
            ],
            [
              9.3538147,
              41.2341391
            ],
            [
              9.3537347,
              41.2340128
            ]
          ],
          [
            [
              9.3591905,
              41.2855506
            ],
            [
              9.359178,
              41.2855938
            ],
            [
              9.3590934,
              41.2855999
            ],
            [
              9.3590801,
              41.2856402
            ],
            [
              9.3590943,
              41.2856831
            ],
            [
              9.3591743,
              41.2858884
            ],
            [
              9.3592061,
              41.2859183
            ],
            [
              9.3592515,
              41.2859191
            ],
            [
              9.3592558,
              41.2859419
            ],
            [
              9.3592316,
              41.2859602
            ],
            [
              9.3592046,
              41.2859817
            ],
            [
              9.3592058,
              41.2860078
            ],
            [
              9.359227,
              41.2860298
            ],
            [
              9.3592452,
              41.2860685
            ],
            [
              9.3592718,
              41.2861269
            ],
            [
              9.3593295,
              41.286144
            ]
          ],
          [
            [
              9.3584128,
              41.2854955
            ],
            [
              9.3583813,
              41.2856099
            ],
            [
              9.3583734,
              41.2856613
            ],
            [
              9.3583934,
              41.2856956
            ],
            [
              9.3583733,
              41.285741
            ],
            [
              9.3583075,
              41.285744
            ],
            [
              9.3582326,
              41.2858316
            ],
            [
              9.3582902,
              41.2859244
            ]
          ],
          [
            [
              9.3595709,
              41.2859616
            ],
            [
              9.3595602,
              41.285912
            ],
            [
              9.3595166,
              41.2858369
            ],
            [
              9.3595166,
              41.285784
            ],
            [
              9.3595111,
              41.2857459
            ],
            [
              9.3594777,
              41.2857105
            ],
            [
              9.3594335,
              41.285664
            ],
            [
              9.359479,
              41.2856177
            ],
            [
              9.3593965,
              41.2855898
            ],
            [
              9.3592914,
              41.2855314
            ],
            [
              9.3591905,
              41.2855506
            ],
            [
              9.3591826,
              41.2855263
            ],
            [
              9.3591068,
              41.2855113
            ],
            [
              9.3590832,
              41.2855215
            ],
            [
              9.3589891,
              41.2855165
            ],
            [
              9.358891,
              41.2855412
            ],
            [
              9.3587481,
              41.2855389
            ],
            [
              9.3585563,
              41.2855107
            ],
            [
              9.3584128,
              41.2854955
            ],
            [
              9.3582164,
              41.2854476
            ],
            [
              9.3581781,
              41.2853394
            ],
            [
              9.3581875,
              41.2852784
            ],
            [
              9.358172,
              41.285247
            ],
            [
              9.3581184,
              41.2852208
            ],
            [
              9.3580272,
              41.2852142
            ],
            [
              9.3579515,
              41.2851869
            ],
            [
              9.357938,
              41.2851397
            ]
          ],
          [
            [
              9.3596837,
              41.2859069
            ],
            [
              9.3595709,
              41.2859616
            ],
            [
              9.3595682,
              41.2860261
            ],
            [
              9.3595199,
              41.2860604
            ],
            [
              9.3594101,
              41.2860694
            ],
            [
              9.3593295,
              41.286144
            ]
          ],
          [
            [
              9.3791766,
              41.2247823
            ],
            [
              9.379119,
              41.2247762
            ],
            [
              9.3789124,
              41.2248115
            ],
            [
              9.3788266,
              41.2248034
            ],
            [
              9.3787273,
              41.2247409
            ],
            [
              9.3786603,
              41.2247328
            ],
            [
              9.3785315,
              41.2247469
            ],
            [
              9.3784699,
              41.2247268
            ],
            [
              9.3784323,
              41.2246824
            ],
            [
              9.3784216,
              41.2246138
            ],
            [
              9.3784001,
              41.2245472
            ],
            [
              9.3783116,
              41.2244706
            ],
            [
              9.3782473,
              41.2244363
            ],
            [
              9.378258,
              41.2243838
            ],
            [
              9.3782794,
              41.2242971
            ],
            [
              9.3782714,
              41.2242527
            ],
            [
              9.3782473,
              41.2241962
            ],
            [
              9.3782204,
              41.2241337
            ]
          ],
          [
            [
              9.3799344,
              41.2235547
            ],
            [
              9.3797332,
              41.2234498
            ],
            [
              9.3797252,
              41.2232924
            ],
            [
              9.37976,
              41.2231451
            ],
            [
              9.379701,
              41.22301
            ],
            [
              9.3796849,
              41.2228385
            ],
            [
              9.3796393,
              41.2227296
            ],
            [
              9.3795964,
              41.2225944
            ],
            [
              9.3795508,
              41.2225399
            ],
            [
              9.3793657,
              41.2225238
            ],
            [
              9.3792129,
              41.2225177
            ],
            [
              9.3790546,
              41.222429
            ]
          ],
          [
            [
              9.3729706,
              41.2968529
            ],
            [
              9.3727112,
              41.2968564
            ],
            [
              9.3725342,
              41.2968423
            ],
            [
              9.3722767,
              41.2968282
            ],
            [
              9.3720782,
              41.296806
            ],
            [
              9.3719728,
              41.2967759
            ]
          ],
          [
            [
              9.3713003,
              41.2956836
            ],
            [
              9.3711501,
              41.2956836
            ],
            [
              9.370839,
              41.295736
            ],
            [
              9.3706244,
              41.2958045
            ],
            [
              9.3704259,
              41.29574
            ],
            [
              9.3701993,
              41.2955667
            ],
            [
              9.3699123,
              41.2955768
            ],
            [
              9.3696374,
              41.2957078
            ],
            [
              9.3695046,
              41.2957138
            ],
            [
              9.3694309,
              41.2957742
            ],
            [
              9.3691009,
              41.2958085
            ],
            [
              9.3688435,
              41.2957279
            ],
            [
              9.3686651,
              41.295736
            ],
            [
              9.3684518,
              41.2957964
            ],
            [
              9.3683687,
              41.2957954
            ],
            [
              9.3682909,
              41.295873
            ],
            [
              9.36813,
              41.2960725
            ],
            [
              9.368024,
              41.2961853
            ],
            [
              9.3680066,
              41.2962639
            ],
            [
              9.3678993,
              41.2963083
            ],
            [
              9.367843,
              41.2963143
            ],
            [
              9.367741,
              41.2963859
            ],
            [
              9.3676096,
              41.2964171
            ],
            [
              9.3675493,
              41.2964332
            ],
            [
              9.3674647,
              41.2964171
            ],
            [
              9.3671483,
              41.296538
            ],
            [
              9.366923,
              41.2966226
            ],
            [
              9.3667454,
              41.2966867
            ]
          ],
          [
            [
              9.371873,
              41.2963697
            ],
            [
              9.3717349,
              41.2963163
            ],
            [
              9.3715578,
              41.2962398
            ],
            [
              9.3713969,
              41.296139
            ],
            [
              9.3713486,
              41.2959576
            ],
            [
              9.3713057,
              41.2957964
            ],
            [
              9.3713003,
              41.2956836
            ],
            [
              9.3714988,
              41.2954901
            ],
            [
              9.3716115,
              41.2952926
            ],
            [
              9.3717027,
              41.2950024
            ],
            [
              9.3717429,
              41.294872
            ],
            [
              9.3717657,
              41.2947364
            ],
            [
              9.371767,
              41.2945994
            ],
            [
              9.3717889,
              41.2944708
            ]
          ],
          [
            [
              9.3723483,
              41.2978483
            ],
            [
              9.3724376,
              41.2979204
            ],
            [
              9.3725153,
              41.2979415
            ],
            [
              9.3726347,
              41.2979325
            ],
            [
              9.3727889,
              41.2979435
            ],
            [
              9.3728923,
              41.2979577
            ],
            [
              9.3729311,
              41.298004
            ],
            [
              9.3729298,
              41.2980474
            ],
            [
              9.3729137,
              41.2980877
            ]
          ],
          [
            [
              9.4051046,
              41.2498125
            ],
            [
              9.4049385,
              41.2498116
            ],
            [
              9.4047724,
              41.2498189
            ],
            [
              9.4046389,
              41.2498581
            ],
            [
              9.4045249,
              41.2498704
            ],
            [
              9.4044663,
              41.2498581
            ],
            [
              9.4044142,
              41.2497259
            ],
            [
              9.40431,
              41.2496916
            ],
            [
              9.4041341,
              41.2497406
            ],
            [
              9.4039876,
              41.2497798
            ],
            [
              9.4038931,
              41.2497822
            ],
            [
              9.4037813,
              41.2497633
            ]
          ],
          [
            [
              9.4050396,
              41.2501994
            ],
            [
              9.4049977,
              41.250188
            ],
            [
              9.4048669,
              41.2501348
            ],
            [
              9.4047757,
              41.2501177
            ],
            [
              9.404691,
              41.2500981
            ],
            [
              9.4046356,
              41.2500295
            ],
            [
              9.4045901,
              41.250005
            ],
            [
              9.4045184,
              41.2499218
            ],
            [
              9.4044663,
              41.2498581
            ]
          ],
          [
            [
              9.4087108,
              41.2347136
            ],
            [
              9.4086501,
              41.2347866
            ],
            [
              9.408626,
              41.2348613
            ],
            [
              9.4085535,
              41.2349238
            ],
            [
              9.408516,
              41.2349299
            ],
            [
              9.4084087,
              41.2349641
            ],
            [
              9.4083577,
              41.2349843
            ],
            [
              9.4083443,
              41.2350549
            ]
          ],
          [
            [
              9.4004157,
              41.2405411
            ],
            [
              9.4003755,
              41.2405209
            ],
            [
              9.40035,
              41.2404795
            ],
            [
              9.4003406,
              41.2404594
            ],
            [
              9.4003353,
              41.2404211
            ],
            [
              9.4002655,
              41.2403848
            ],
            [
              9.4002776,
              41.2403202
            ],
            [
              9.4003098,
              41.2402607
            ],
            [
              9.4003071,
              41.2402395
            ],
            [
              9.4002534,
              41.240173
            ],
            [
              9.4001354,
              41.2401579
            ],
            [
              9.4000228,
              41.2401538
            ],
            [
              9.3999852,
              41.2401236
            ],
            [
              9.3999892,
              41.2400822
            ],
            [
              9.4000027,
              41.2400651
            ],
            [
              9.4002052,
              41.2398462
            ],
            [
              9.4002213,
              41.2398291
            ],
            [
              9.4002816,
              41.2397867
            ],
            [
              9.4003017,
              41.2397736
            ],
            [
              9.4003259,
              41.2397635
            ],
            [
              9.4004627,
              41.2397827
            ],
            [
              9.4005471,
              41.2397847
            ],
            [
              9.4005713,
              41.2397787
            ],
            [
              9.4005914,
              41.2397646
            ],
            [
              9.4006665,
              41.2396264
            ],
            [
              9.4006853,
              41.2395871
            ],
            [
              9.4007121,
              41.2395508
            ],
            [
              9.4007939,
              41.2395427
            ],
            [
              9.4008663,
              41.2395215
            ],
            [
              9.4012003,
              41.2393067
            ],
            [
              9.4014658,
              41.2391514
            ],
            [
              9.4015878,
              41.2390738
            ],
            [
              9.4017085,
              41.2388852
            ],
            [
              9.4017944,
              41.2388106
            ],
            [
              9.4019714,
              41.2387137
            ],
            [
              9.40208,
              41.2386563
            ]
          ],
          [
            [
              9.4090981,
              41.24926
            ],
            [
              9.4091409,
              41.2493502
            ],
            [
              9.4091919,
              41.2495882
            ],
            [
              9.4092,
              41.2498019
            ],
            [
              9.409216,
              41.2499007
            ],
            [
              9.4093099,
              41.2502073
            ],
            [
              9.4093984,
              41.2504271
            ],
            [
              9.4094816,
              41.25078
            ],
            [
              9.4095325,
              41.2509695
            ],
            [
              9.4095567,
              41.2511026
            ]
          ],
          [
            [
              9.4038154,
              41.2494959
            ],
            [
              9.4038838,
              41.2493684
            ],
            [
              9.4037926,
              41.2491707
            ],
            [
              9.403806,
              41.2491304
            ],
            [
              9.4038329,
              41.2490961
            ],
            [
              9.4038704,
              41.2490659
            ],
            [
              9.4039991,
              41.2489892
            ],
            [
              9.4041574,
              41.2489691
            ],
            [
              9.4042566,
              41.2489348
            ],
            [
              9.4043398,
              41.248834
            ],
            [
              9.4044283,
              41.2487916
            ],
            [
              9.4044605,
              41.2487593
            ],
            [
              9.404557,
              41.2487311
            ],
            [
              9.4046751,
              41.248594
            ],
            [
              9.4048253,
              41.2485496
            ],
            [
              9.4050533,
              41.2485153
            ],
            [
              9.4051525,
              41.2485163
            ],
            [
              9.4052155,
              41.2485274
            ]
          ],
          [
            [
              9.4006712,
              41.249078
            ],
            [
              9.4008127,
              41.2490356
            ],
            [
              9.4009522,
              41.2489045
            ],
            [
              9.4009978,
              41.2487775
            ],
            [
              9.4010031,
              41.2486545
            ],
            [
              9.401038,
              41.2484911
            ],
            [
              9.4010541,
              41.2484508
            ],
            [
              9.4010836,
              41.2484185
            ],
            [
              9.4011238,
              41.2483943
            ],
            [
              9.4012231,
              41.2483742
            ],
            [
              9.401266,
              41.248348
            ],
            [
              9.401325,
              41.2482794
            ],
            [
              9.4013733,
              41.2482612
            ],
            [
              9.4015342,
              41.2482229
            ],
            [
              9.4015852,
              41.2482149
            ],
            [
              9.4018561,
              41.2482007
            ],
            [
              9.4022503,
              41.2482451
            ],
            [
              9.4023576,
              41.2482512
            ],
            [
              9.4024596,
              41.2482814
            ],
            [
              9.4026768,
              41.2484084
            ],
            [
              9.4028753,
              41.2485294
            ],
            [
              9.4030014,
              41.2485637
            ],
            [
              9.4032374,
              41.2485395
            ],
            [
              9.4033957,
              41.2484851
            ],
            [
              9.4036424,
              41.2483117
            ],
            [
              9.4037443,
              41.2482572
            ],
            [
              9.404026,
              41.2480455
            ],
            [
              9.4040662,
              41.2480192
            ],
            [
              9.4042271,
              41.2479769
            ],
            [
              9.4045544,
              41.2479547
            ],
            [
              9.4047716,
              41.2479366
            ],
            [
              9.4048709,
              41.2479003
            ],
            [
              9.405005,
              41.2477934
            ],
            [
              9.4050559,
              41.247751
            ],
            [
              9.4051257,
              41.2477127
            ]
          ],
          [
            [
              9.4019911,
              41.242932
            ],
            [
              9.4021102,
              41.2428801
            ]
          ],
          [
            [
              9.3508585,
              41.2488127
            ],
            [
              9.3508083,
              41.2489751
            ],
            [
              9.3508512,
              41.2491808
            ],
            [
              9.3509826,
              41.249324
            ],
            [
              9.3514144,
              41.2494087
            ],
            [
              9.3516076,
              41.2494531
            ],
            [
              9.3517283,
              41.2497172
            ],
            [
              9.3515807,
              41.2498503
            ],
            [
              9.3512575,
              41.2499925
            ],
            [
              9.3510268,
              41.2500681
            ],
            [
              9.3508887,
              41.2500994
            ],
            [
              9.3507943,
              41.2501807
            ],
            [
              9.3505153,
              41.2503252
            ]
          ],
          [
            [
              9.3401035,
              41.2325033
            ],
            [
              9.340058,
              41.2326041
            ],
            [
              9.3399533,
              41.2326183
            ],
            [
              9.339669,
              41.2326707
            ],
            [
              9.3396798,
              41.2327938
            ],
            [
              9.3394759,
              41.2328462
            ],
            [
              9.3394451,
              41.2328623
            ],
            [
              9.339289,
              41.2330033
            ]
          ],
          [
            [
              9.3421685,
              41.2309285
            ],
            [
              9.3420777,
              41.2309561
            ],
            [
              9.3419409,
              41.2310489
            ],
            [
              9.3417236,
              41.2313091
            ],
            [
              9.3417236,
              41.2315451
            ],
            [
              9.3416807,
              41.231644
            ],
            [
              9.3414849,
              41.231767
            ],
            [
              9.3414581,
              41.2318376
            ],
            [
              9.3413696,
              41.2319708
            ],
            [
              9.3411416,
              41.2320716
            ],
            [
              9.3407258,
              41.2321019
            ],
            [
              9.3406212,
              41.2322007
            ],
            [
              9.3405998,
              41.2321261
            ],
            [
              9.3403718,
              41.2321261
            ],
            [
              9.3403771,
              41.2322451
            ],
            [
              9.3403316,
              41.2323903
            ],
            [
              9.3401035,
              41.2325033
            ],
            [
              9.3394491,
              41.2324226
            ]
          ],
          [
            [
              9.3980189,
              41.2146831
            ],
            [
              9.3975967,
              41.2147199
            ],
            [
              9.3970656,
              41.2149983
            ],
            [
              9.3963093,
              41.2152323
            ],
            [
              9.3955958,
              41.2151516
            ],
            [
              9.3951693,
              41.215077
            ],
            [
              9.394877,
              41.2148651
            ],
            [
              9.3944424,
              41.2150003
            ],
            [
              9.3940991,
              41.2148853
            ],
            [
              9.3934339,
              41.2155471
            ],
            [
              9.3932623,
              41.2156197
            ]
          ],
          [
            [
              9.3908751,
              41.2365435
            ],
            [
              9.3912721,
              41.2365959
            ],
            [
              9.3915456,
              41.2367331
            ],
            [
              9.391669,
              41.2367008
            ],
            [
              9.39183,
              41.2369348
            ],
            [
              9.3921465,
              41.2368299
            ],
            [
              9.3925863,
              41.2363418
            ],
            [
              9.3934929,
              41.2360917
            ],
            [
              9.3941367,
              41.236374
            ],
            [
              9.3941796,
              41.2365233
            ],
            [
              9.3948018,
              41.2368097
            ],
            [
              9.3954402,
              41.2370316
            ],
            [
              9.3955944,
              41.2371995
            ],
            [
              9.3957054,
              41.2372022
            ]
          ],
          [
            [
              9.3631883,
              41.2933711
            ],
            [
              9.3632234,
              41.2934106
            ],
            [
              9.3633154,
              41.2934517
            ],
            [
              9.3634271,
              41.2934531
            ],
            [
              9.3636924,
              41.2933991
            ],
            [
              9.3638173,
              41.2933708
            ],
            [
              9.3638807,
              41.2933026
            ],
            [
              9.3639661,
              41.2932985
            ],
            [
              9.36398,
              41.2933245
            ],
            [
              9.3639712,
              41.2933736
            ],
            [
              9.3640245,
              41.2934106
            ],
            [
              9.3640865,
              41.2934437
            ],
            [
              9.3641494,
              41.2934273
            ],
            [
              9.3642162,
              41.2934055
            ],
            [
              9.3644781,
              41.2934672
            ],
            [
              9.3649488,
              41.2934711
            ],
            [
              9.36499,
              41.2933915
            ]
          ],
          [
            [
              9.3706432,
              41.291514
            ],
            [
              9.3704846,
              41.2915668
            ],
            [
              9.3704976,
              41.2916298
            ],
            [
              9.3704333,
              41.2916647
            ],
            [
              9.3704675,
              41.29174
            ],
            [
              9.3703576,
              41.2919816
            ],
            [
              9.3705722,
              41.2920307
            ]
          ],
          [
            [
              9.3626733,
              41.2934758
            ],
            [
              9.3625734,
              41.2932523
            ],
            [
              9.3625976,
              41.293092
            ],
            [
              9.3627584,
              41.2930487
            ],
            [
              9.3628807,
              41.2929257
            ],
            [
              9.3628119,
              41.2927761
            ],
            [
              9.3627455,
              41.2926712
            ],
            [
              9.3625097,
              41.2926599
            ],
            [
              9.3621974,
              41.2927541
            ],
            [
              9.3625976,
              41.293092
            ]
          ],
          [
            [
              9.3634458,
              41.2933247
            ],
            [
              9.3634628,
              41.29328
            ],
            [
              9.3634198,
              41.2931647
            ],
            [
              9.3634435,
              41.2930648
            ],
            [
              9.3634988,
              41.293011
            ],
            [
              9.3635501,
              41.2929912
            ],
            [
              9.363563,
              41.2929367
            ],
            [
              9.3635264,
              41.2928148
            ],
            [
              9.3634628,
              41.2927782
            ],
            [
              9.3634236,
              41.2926166
            ],
            [
              9.3633717,
              41.29257
            ],
            [
              9.363247,
              41.2925441
            ],
            [
              9.3630654,
              41.2925331
            ],
            [
              9.362982,
              41.2925161
            ]
          ],
          [
            [
              9.3627455,
              41.2926712
            ],
            [
              9.3627176,
              41.2926257
            ],
            [
              9.3627448,
              41.2926038
            ],
            [
              9.3628157,
              41.2924839
            ]
          ],
          [
            [
              9.3701993,
              41.2955667
            ],
            [
              9.3701926,
              41.2954468
            ],
            [
              9.3702095,
              41.2952602
            ],
            [
              9.3702465,
              41.2950407
            ]
          ],
          [
            [
              9.3456053,
              41.2298327
            ],
            [
              9.3455753,
              41.2297983
            ],
            [
              9.3455029,
              41.2297882
            ],
            [
              9.3454532,
              41.2297882
            ],
            [
              9.3453982,
              41.2297539
            ],
            [
              9.3453138,
              41.2297478
            ],
            [
              9.3452816,
              41.2297186
            ],
            [
              9.3452762,
              41.2296843
            ],
            [
              9.3452762,
              41.2296439
            ],
            [
              9.3452708,
              41.2296066
            ],
            [
              9.3452668,
              41.2295743
            ],
            [
              9.3452346,
              41.2295532
            ],
            [
              9.3451676,
              41.2295582
            ],
            [
              9.3451047,
              41.2295592
            ]
          ],
          [
            [
              9.3394598,
              41.2486262
            ],
            [
              9.3395511,
              41.2486174
            ],
            [
              9.3395846,
              41.2486141
            ],
            [
              9.339665,
              41.2486101
            ],
            [
              9.3397307,
              41.248592
            ],
            [
              9.3397777,
              41.248593
            ],
            [
              9.3398219,
              41.2485768
            ]
          ],
          [
            [
              9.3449085,
              41.2405328
            ],
            [
              9.3446271,
              41.2404604
            ],
            [
              9.3443901,
              41.2404696
            ],
            [
              9.3440924,
              41.2405085
            ],
            [
              9.3438471,
              41.240404
            ],
            [
              9.3434992,
              41.2401547
            ],
            [
              9.343514,
              41.2400499
            ],
            [
              9.3434947,
              41.24
            ],
            [
              9.3434899,
              41.2399874
            ],
            [
              9.3434027,
              41.2399047
            ],
            [
              9.3432887,
              41.2398735
            ],
            [
              9.3432109,
              41.2398634
            ],
            [
              9.3431572,
              41.2398054
            ],
            [
              9.3431163,
              41.2397696
            ],
            [
              9.3430822,
              41.2397232
            ],
            [
              9.3430004,
              41.239699
            ],
            [
              9.34294,
              41.2396748
            ],
            [
              9.3429181,
              41.2396216
            ],
            [
              9.3428838,
              41.2395424
            ],
            [
              9.3428332,
              41.2394532
            ],
            [
              9.3428011,
              41.2393704
            ],
            [
              9.3427655,
              41.239288
            ],
            [
              9.3427536,
              41.239223
            ],
            [
              9.3427254,
              41.2391625
            ],
            [
              9.3426932,
              41.239101
            ],
            [
              9.3426342,
              41.2390243
            ],
            [
              9.3425953,
              41.2389729
            ],
            [
              9.3425659,
              41.2389305
            ],
            [
              9.3425296,
              41.238863
            ],
            [
              9.3425041,
              41.2388045
            ],
            [
              9.3425015,
              41.2387582
            ],
            [
              9.34248,
              41.2387016
            ],
            [
              9.3424666,
              41.2386603
            ]
          ],
          [
            [
              9.3452668,
              41.2304347
            ],
            [
              9.3451609,
              41.2305331
            ],
            [
              9.3451227,
              41.2306052
            ],
            [
              9.345067,
              41.2307317
            ],
            [
              9.3449262,
              41.2307705
            ],
            [
              9.3447331,
              41.2308169
            ],
            [
              9.3446365,
              41.2309319
            ],
            [
              9.3446338,
              41.2310489
            ],
            [
              9.3447465,
              41.2312143
            ],
            [
              9.3447411,
              41.2313434
            ],
            [
              9.3447974,
              41.2314402
            ],
            [
              9.3449128,
              41.2314806
            ],
            [
              9.3450603,
              41.231531
            ],
            [
              9.3451971,
              41.2315472
            ],
            [
              9.3453058,
              41.2316117
            ],
            [
              9.3454868,
              41.231642
            ],
            [
              9.3455753,
              41.2316379
            ],
            [
              9.3456933,
              41.2316299
            ],
            [
              9.3457657,
              41.2316601
            ],
            [
              9.3459937,
              41.2316732
            ],
            [
              9.3462337,
              41.2315825
            ],
            [
              9.346341,
              41.2316742
            ],
            [
              9.3464242,
              41.2317509
            ],
            [
              9.3464081,
              41.2318346
            ],
            [
              9.3465248,
              41.2318679
            ],
            [
              9.3466482,
              41.2319425
            ],
            [
              9.3467984,
              41.2319566
            ],
            [
              9.3469539,
              41.2320393
            ],
            [
              9.3471524,
              41.232116
            ],
            [
              9.347257,
              41.2321866
            ],
            [
              9.3473402,
              41.2323318
            ],
            [
              9.3474032,
              41.2323893
            ],
            [
              9.3474448,
              41.232464
            ],
            [
              9.3475065,
              41.2325436
            ],
            [
              9.3475588,
              41.2326162
            ],
            [
              9.3476124,
              41.2326707
            ],
            [
              9.3477841,
              41.2327887
            ],
            [
              9.3478739,
              41.2328956
            ],
            [
              9.3479128,
              41.2330519
            ],
            [
              9.3479745,
              41.2332204
            ],
            [
              9.3479448,
              41.2333137
            ],
            [
              9.347953,
              41.2334473
            ],
            [
              9.348008,
              41.2335623
            ],
            [
              9.3480147,
              41.2336238
            ],
            [
              9.3481354,
              41.2338295
            ],
            [
              9.3481462,
              41.2339959
            ],
            [
              9.3481261,
              41.2342279
            ],
            [
              9.34811,
              41.2343076
            ],
            [
              9.3481019,
              41.2344518
            ],
            [
              9.3480577,
              41.234596
            ],
            [
              9.3480805,
              41.2346364
            ]
          ],
          [
            [
              9.3544772,
              41.2775483
            ],
            [
              9.3547431,
              41.277745
            ],
            [
              9.3548638,
              41.2778236
            ],
            [
              9.3549576,
              41.2779304
            ],
            [
              9.3550676,
              41.2780191
            ],
            [
              9.3552205,
              41.278132
            ],
            [
              9.3553171,
              41.2781844
            ],
            [
              9.3554512,
              41.2782328
            ],
            [
              9.35536,
              41.278265
            ],
            [
              9.3553224,
              41.2782933
            ],
            [
              9.3553868,
              41.2783618
            ],
            [
              9.3554485,
              41.2784505
            ],
            [
              9.3555075,
              41.278515
            ],
            [
              9.3555853,
              41.2785412
            ],
            [
              9.3556684,
              41.2785472
            ],
            [
              9.355832,
              41.2786259
            ],
            [
              9.3558723,
              41.2786521
            ],
            [
              9.3559527,
              41.2787226
            ],
            [
              9.3558522,
              41.2788577
            ],
            [
              9.3558374,
              41.278904
            ],
            [
              9.3558005,
              41.2789504
            ],
            [
              9.355823,
              41.2790168
            ]
          ],
          [
            [
              9.3546291,
              41.279281
            ],
            [
              9.3545727,
              41.2793233
            ],
            [
              9.3545406,
              41.2793445
            ],
            [
              9.3545392,
              41.2793596
            ],
            [
              9.3544641,
              41.2793686
            ],
            [
              9.3544199,
              41.279417
            ],
            [
              9.3543582,
              41.2794241
            ],
            [
              9.3542737,
              41.2794624
            ],
            [
              9.3542053,
              41.2795188
            ],
            [
              9.3541583,
              41.2795289
            ],
            [
              9.3540551,
              41.2795208
            ]
          ],
          [
            [
              9.3496656,
              41.2771705
            ],
            [
              9.3499768,
              41.2772713
            ],
            [
              9.350068,
              41.2774194
            ],
            [
              9.350127,
              41.2775485
            ],
            [
              9.3500921,
              41.2776603
            ],
            [
              9.3500707,
              41.2777601
            ],
            [
              9.3504395,
              41.2778296
            ],
            [
              9.3505977,
              41.2778669
            ],
            [
              9.3507439,
              41.2779224
            ],
            [
              9.3509611,
              41.2780121
            ],
            [
              9.3512186,
              41.2780584
            ],
            [
              9.3513863,
              41.2781421
            ],
            [
              9.3515204,
              41.2781975
            ],
            [
              9.3516196,
              41.2781884
            ],
            [
              9.3516666,
              41.2781713
            ],
            [
              9.3517511,
              41.2781713
            ],
            [
              9.351857,
              41.2781491
            ],
            [
              9.3519361,
              41.2781653
            ],
            [
              9.3520313,
              41.2782267
            ],
            [
              9.3520434,
              41.2782106
            ],
            [
              9.352089,
              41.2782227
            ],
            [
              9.3522298,
              41.278259
            ],
            [
              9.3523733,
              41.2783114
            ],
            [
              9.3524565,
              41.2783265
            ],
            [
              9.3524981,
              41.2783427
            ],
            [
              9.352604,
              41.2783668
            ],
            [
              9.3526831,
              41.2783295
            ],
            [
              9.3527837,
              41.2783406
            ],
            [
              9.3529125,
              41.2783437
            ],
            [
              9.3530023,
              41.2783396
            ],
            [
              9.3531391,
              41.2783779
            ],
            [
              9.3532893,
              41.2784777
            ],
            [
              9.3534033,
              41.2785331
            ],
            [
              9.3534489,
              41.2785503
            ],
            [
              9.3534824,
              41.2786057
            ],
            [
              9.3535307,
              41.2786208
            ],
            [
              9.3536031,
              41.2786813
            ],
            [
              9.3537037,
              41.2787115
            ],
            [
              9.3537439,
              41.2787539
            ],
            [
              9.3537962,
              41.2787559
            ],
            [
              9.3538499,
              41.2788032
            ],
            [
              9.3539733,
              41.2788587
            ],
            [
              9.3540376,
              41.2789111
            ],
            [
              9.3540765,
              41.2789433
            ],
            [
              9.3541986,
              41.2790441
            ],
            [
              9.3542334,
              41.2790885
            ],
            [
              9.3543032,
              41.2791016
            ],
            [
              9.3544132,
              41.279158
            ],
            [
              9.3545808,
              41.2792517
            ],
            [
              9.3546291,
              41.279281
            ],
            [
              9.3546988,
              41.2793404
            ],
            [
              9.3547565,
              41.2793807
            ],
            [
              9.354798,
              41.2794221
            ],
            [
              9.3548691,
              41.2794321
            ],
            [
              9.3549751,
              41.2794614
            ],
            [
              9.3550462,
              41.2794684
            ],
            [
              9.3551065,
              41.2794704
            ],
            [
              9.3552406,
              41.2794906
            ],
            [
              9.3552916,
              41.2794835
            ],
            [
              9.3554015,
              41.2794825
            ],
            [
              9.3554355,
              41.2794794
            ]
          ],
          [
            [
              9.3565549,
              41.2805367
            ],
            [
              9.356465,
              41.2806698
            ],
            [
              9.3563524,
              41.2807917
            ],
            [
              9.3563256,
              41.2808572
            ],
            [
              9.356339,
              41.2809489
            ],
            [
              9.3564101,
              41.2810275
            ],
            [
              9.3564288,
              41.2810729
            ],
            [
              9.3564342,
              41.2811434
            ],
            [
              9.3564101,
              41.2812482
            ],
            [
              9.3564127,
              41.2813168
            ],
            [
              9.3564442,
              41.2813601
            ],
            [
              9.3564888,
              41.2813626
            ],
            [
              9.3565442,
              41.2814155
            ],
            [
              9.3565818,
              41.2814475
            ],
            [
              9.356634,
              41.2814427
            ],
            [
              9.3567158,
              41.2814246
            ],
            [
              9.3567494,
              41.2814165
            ],
            [
              9.3567547,
              41.2814377
            ],
            [
              9.356803,
              41.2814639
            ],
            [
              9.3568942,
              41.2815254
            ],
            [
              9.3568932,
              41.2815712
            ],
            [
              9.3569532,
              41.2815798
            ],
            [
              9.3570082,
              41.2816191
            ],
            [
              9.357027,
              41.2816604
            ],
            [
              9.3570122,
              41.281728
            ],
            [
              9.3570364,
              41.2817753
            ],
            [
              9.3570431,
              41.2818237
            ],
            [
              9.3570379,
              41.2818481
            ],
            [
              9.3570482,
              41.2818651
            ],
            [
              9.3570846,
              41.2818811
            ],
            [
              9.3571664,
              41.2819104
            ],
            [
              9.3571329,
              41.2819749
            ],
            [
              9.3571764,
              41.2820672
            ],
            [
              9.3572399,
              41.2820661
            ],
            [
              9.3573073,
              41.2820757
            ],
            [
              9.3573421,
              41.2821492
            ],
            [
              9.3573553,
              41.2822073
            ],
            [
              9.3574066,
              41.2822449
            ],
            [
              9.357426,
              41.2822821
            ],
            [
              9.3574488,
              41.282306
            ],
            [
              9.3574882,
              41.2823108
            ],
            [
              9.3575031,
              41.2823457
            ],
            [
              9.3574919,
              41.2823691
            ],
            [
              9.3575245,
              41.2823992
            ],
            [
              9.3575352,
              41.2824586
            ],
            [
              9.3576466,
              41.282507
            ],
            [
              9.3576305,
              41.2825745
            ],
            [
              9.3576215,
              41.2826354
            ],
            [
              9.3575961,
              41.2826429
            ],
            [
              9.3575446,
              41.282637
            ],
            [
              9.357505,
              41.2826458
            ],
            [
              9.3574977,
              41.2826823
            ],
            [
              9.3574216,
              41.2827118
            ],
            [
              9.3573692,
              41.2827203
            ],
            [
              9.3573298,
              41.2827711
            ],
            [
              9.357296,
              41.2828092
            ],
            [
              9.3573056,
              41.2828572
            ],
            [
              9.357332,
              41.282918
            ],
            [
              9.357307,
              41.2829685
            ],
            [
              9.357282,
              41.2829904
            ],
            [
              9.3572845,
              41.2830304
            ],
            [
              9.3572617,
              41.2830833
            ],
            [
              9.3572549,
              41.28313
            ],
            [
              9.3572348,
              41.2831852
            ],
            [
              9.3572686,
              41.2832138
            ],
            [
              9.3573463,
              41.2832326
            ],
            [
              9.3573548,
              41.2832687
            ],
            [
              9.3573732,
              41.2832958
            ],
            [
              9.357386,
              41.28331
            ],
            [
              9.3573507,
              41.2833491
            ],
            [
              9.3573219,
              41.283417
            ],
            [
              9.35725,
              41.2834378
            ],
            [
              9.3572398,
              41.2835162
            ],
            [
              9.3572807,
              41.2835323
            ],
            [
              9.357316,
              41.2835551
            ],
            [
              9.3573079,
              41.2836108
            ],
            [
              9.3573252,
              41.283651
            ],
            [
              9.3574564,
              41.2836381
            ],
            [
              9.3575021,
              41.2836873
            ],
            [
              9.3575739,
              41.2837021
            ],
            [
              9.3576134,
              41.2837945
            ],
            [
              9.3576743,
              41.2838034
            ],
            [
              9.3576353,
              41.2838502
            ],
            [
              9.3575931,
              41.2839497
            ],
            [
              9.3575994,
              41.2840416
            ],
            [
              9.3576033,
              41.284115
            ],
            [
              9.357543,
              41.2841619
            ],
            [
              9.3575318,
              41.2842185
            ],
            [
              9.3574933,
              41.2843046
            ],
            [
              9.3575131,
              41.2843535
            ],
            [
              9.357577,
              41.2843657
            ],
            [
              9.3575966,
              41.2844223
            ],
            [
              9.3575958,
              41.2844844
            ],
            [
              9.3575656,
              41.2845138
            ],
            [
              9.3575277,
              41.2845554
            ],
            [
              9.3575621,
              41.2845961
            ],
            [
              9.3576264,
              41.2846364
            ],
            [
              9.3576747,
              41.2846495
            ],
            [
              9.3577056,
              41.284711
            ],
            [
              9.3576989,
              41.284838
            ],
            [
              9.3577203,
              41.2849035
            ],
            [
              9.3577941,
              41.2850153
            ],
            [
              9.357938,
              41.2851397
            ]
          ],
          [
            [
              9.3512575,
              41.2499925
            ],
            [
              9.3512937,
              41.2501105
            ],
            [
              9.3511918,
              41.250301
            ],
            [
              9.3510818,
              41.2504432
            ],
            [
              9.3510403,
              41.2505783
            ],
            [
              9.3511234,
              41.2506822
            ],
            [
              9.3511663,
              41.2507568
            ]
          ],
          [
            [
              9.3459481,
              41.2457777
            ],
            [
              9.3459146,
              41.2458997
            ],
            [
              9.3458515,
              41.2459673
            ],
            [
              9.3457778,
              41.2459834
            ],
            [
              9.345649,
              41.2459955
            ],
            [
              9.3455297,
              41.2459632
            ],
            [
              9.3454613,
              41.2459602
            ]
          ],
          [
            [
              9.3461882,
              41.2444285
            ],
            [
              9.3460634,
              41.2445162
            ],
            [
              9.3459655,
              41.2445979
            ],
            [
              9.3458636,
              41.2447562
            ],
            [
              9.3458475,
              41.2449085
            ],
            [
              9.3458006,
              41.2449821
            ],
            [
              9.3457349,
              41.245092
            ],
            [
              9.3457764,
              41.2452876
            ],
            [
              9.3458328,
              41.24545
            ],
            [
              9.3459146,
              41.24569
            ],
            [
              9.3459481,
              41.2457777
            ],
            [
              9.3459816,
              41.2458573
            ],
            [
              9.346042,
              41.2459219
            ],
            [
              9.3461211,
              41.2459098
            ]
          ],
          [
            [
              9.3384379,
              41.2512307
            ],
            [
              9.3383749,
              41.251272
            ],
            [
              9.338336,
              41.2513386
            ],
            [
              9.3383266,
              41.2514001
            ],
            [
              9.3383051,
              41.2515069
            ],
            [
              9.338273,
              41.2515745
            ],
            [
              9.3382126,
              41.2516148
            ],
            [
              9.3382113,
              41.2516854
            ],
            [
              9.3382515,
              41.2517479
            ],
            [
              9.338277,
              41.2518064
            ],
            [
              9.3382367,
              41.251885
            ],
            [
              9.3382099,
              41.2519022
            ]
          ],
          [
            [
              9.3389033,
              41.2498201
            ],
            [
              9.3390629,
              41.2497797
            ],
            [
              9.3392023,
              41.2497102
            ],
            [
              9.3392466,
              41.2496517
            ],
            [
              9.3393163,
              41.2496023
            ]
          ],
          [
            [
              9.3392318,
              41.2487533
            ],
            [
              9.3392225,
              41.2489671
            ],
            [
              9.3392359,
              41.2490669
            ],
            [
              9.3392533,
              41.2492534
            ],
            [
              9.3392842,
              41.2493603
            ],
            [
              9.3392345,
              41.24944
            ],
            [
              9.3393163,
              41.2496023
            ],
            [
              9.3393619,
              41.2497142
            ],
            [
              9.339429,
              41.2498029
            ],
            [
              9.3395041,
              41.2498362
            ],
            [
              9.3396556,
              41.2498765
            ],
            [
              9.339712,
              41.249928
            ],
            [
              9.3396945,
              41.2500227
            ],
            [
              9.3397388,
              41.2500984
            ],
            [
              9.3397871,
              41.2502063
            ],
            [
              9.3397535,
              41.2503615
            ],
            [
              9.3397053,
              41.2504724
            ],
            [
              9.3396342,
              41.2505884
            ],
            [
              9.3395926,
              41.2506852
            ],
            [
              9.3395819,
              41.2508344
            ],
            [
              9.3395618,
              41.2509544
            ],
            [
              9.3395524,
              41.2510804
            ],
            [
              9.3395564,
              41.2511591
            ],
            [
              9.3395202,
              41.2512952
            ],
            [
              9.3392506,
              41.251272
            ],
            [
              9.3390401,
              41.251271
            ],
            [
              9.3389355,
              41.2512478
            ],
            [
              9.3388067,
              41.2512387
            ],
            [
              9.3386632,
              41.2512055
            ],
            [
              9.3385519,
              41.2512125
            ],
            [
              9.3384379,
              41.2512307
            ],
            [
              9.3385398,
              41.251147
            ],
            [
              9.3385532,
              41.2510774
            ],
            [
              9.3385626,
              41.251029
            ],
            [
              9.3386203,
              41.2509675
            ],
            [
              9.3386592,
              41.2509252
            ],
            [
              9.3386847,
              41.2508818
            ],
            [
              9.3387826,
              41.2508385
            ],
            [
              9.3388067,
              41.2507739
            ],
            [
              9.3388027,
              41.2507205
            ],
            [
              9.3387786,
              41.2506338
            ],
            [
              9.3388188,
              41.2505239
            ],
            [
              9.3388577,
              41.2503746
            ],
            [
              9.3388563,
              41.250301
            ],
            [
              9.3388684,
              41.2502627
            ],
            [
              9.3388027,
              41.2502123
            ],
            [
              9.3388335,
              41.250178
            ],
            [
              9.3388845,
              41.2500953
            ],
            [
              9.3389046,
              41.2500369
            ],
            [
              9.3389288,
              41.2499885
            ],
            [
              9.3389408,
              41.2498665
            ],
            [
              9.3389033,
              41.2498201
            ],
            [
              9.3387772,
              41.2497939
            ],
            [
              9.338627,
              41.2497656
            ],
            [
              9.3385372,
              41.2497465
            ],
            [
              9.338446,
              41.2497364
            ],
            [
              9.3384044,
              41.2497344
            ],
            [
              9.3382689,
              41.2497092
            ],
            [
              9.3382461,
              41.2497757
            ],
            [
              9.3381684,
              41.2498261
            ],
            [
              9.3380892,
              41.2498564
            ]
          ],
          [
            [
              9.3480805,
              41.2346364
            ],
            [
              9.3480161,
              41.2346737
            ],
            [
              9.3479799,
              41.2347513
            ],
            [
              9.3479799,
              41.2348255
            ],
            [
              9.3479598,
              41.2348915
            ],
            [
              9.3479061,
              41.2349566
            ],
            [
              9.3478411,
              41.2349495
            ],
            [
              9.3478008,
              41.234892
            ],
            [
              9.3477505,
              41.2348517
            ],
            [
              9.3477003,
              41.2348139
            ],
            [
              9.3476593,
              41.234772
            ],
            [
              9.3476057,
              41.2347675
            ],
            [
              9.3476057,
              41.2348073
            ],
            [
              9.3476305,
              41.2348466
            ],
            [
              9.347654,
              41.2349268
            ],
            [
              9.3476359,
              41.2350085
            ],
            [
              9.347593,
              41.2350509
            ]
          ],
          [
            [
              9.3554485,
              41.2784505
            ],
            [
              9.3553466,
              41.2783941
            ],
            [
              9.3552393,
              41.278386
            ],
            [
              9.3551038,
              41.2783809
            ],
            [
              9.3550086,
              41.2784001
            ],
            [
              9.3549617,
              41.2784404
            ],
            [
              9.3549228,
              41.2784626
            ],
            [
              9.3548624,
              41.2784686
            ],
            [
              9.354786,
              41.2784575
            ],
            [
              9.3547028,
              41.2784192
            ],
            [
              9.354617,
              41.2784233
            ],
            [
              9.354562,
              41.2783991
            ],
            [
              9.3545204,
              41.278393
            ],
            [
              9.3544789,
              41.2783568
            ],
            [
              9.3544172,
              41.2783366
            ],
            [
              9.3543233,
              41.2783366
            ],
            [
              9.3542562,
              41.2783285
            ],
            [
              9.3542093,
              41.2782882
            ],
            [
              9.3541208,
              41.2782993
            ],
            [
              9.3540671,
              41.2783154
            ],
            [
              9.35398,
              41.2783134
            ],
            [
              9.353921,
              41.2782771
            ],
            [
              9.3538378,
              41.278263
            ],
            [
              9.3537104,
              41.2782278
            ]
          ],
          [
            [
              9.353465,
              41.2466318
            ],
            [
              9.353524,
              41.2468768
            ],
            [
              9.3535937,
              41.2470885
            ]
          ],
          [
            [
              9.3804815,
              41.3038869
            ],
            [
              9.3806291,
              41.3040239
            ],
            [
              9.3806317,
              41.304181
            ],
            [
              9.3805996,
              41.304306
            ],
            [
              9.3803903,
              41.3044994
            ],
            [
              9.3802991,
              41.3046425
            ],
            [
              9.3804172,
              41.3047613
            ],
            [
              9.3804789,
              41.3049044
            ],
            [
              9.3805459,
              41.3050797
            ],
            [
              9.3806532,
              41.3051925
            ],
            [
              9.3807363,
              41.3053356
            ],
            [
              9.3807363,
              41.3054665
            ],
            [
              9.3806505,
              41.3057043
            ],
            [
              9.3804574,
              41.3058252
            ],
            [
              9.3803099,
              41.3059602
            ],
            [
              9.3801919,
              41.3061093
            ],
            [
              9.3800577,
              41.3062503
            ],
            [
              9.3801194,
              41.3063833
            ],
            [
              9.3802536,
              41.3065042
            ],
            [
              9.3801999,
              41.3067581
            ],
            [
              9.380106,
              41.3069495
            ],
            [
              9.3802321,
              41.3070925
            ],
            [
              9.3800363,
              41.307288
            ],
            [
              9.3799612,
              41.3074592
            ],
            [
              9.3797815,
              41.3076365
            ]
          ],
          [
            [
              9.37752,
              41.2962487
            ],
            [
              9.3775606,
              41.2964151
            ],
            [
              9.3777698,
              41.2966307
            ],
            [
              9.377861,
              41.296804
            ],
            [
              9.3779603,
              41.2970378
            ],
            [
              9.3781131,
              41.2974529
            ],
            [
              9.3782446,
              41.2978357
            ],
            [
              9.3784672,
              41.298132
            ],
            [
              9.3785718,
              41.2983254
            ],
            [
              9.378604,
              41.2985229
            ],
            [
              9.3786052,
              41.298626
            ],
            [
              9.3786469,
              41.298801
            ],
            [
              9.3786818,
              41.2989944
            ],
            [
              9.3788347,
              41.2990992
            ],
            [
              9.3789098,
              41.2992604
            ],
            [
              9.379009,
              41.2994095
            ],
            [
              9.378891,
              41.299599
            ],
            [
              9.3786791,
              41.2997783
            ],
            [
              9.3785208,
              41.2998589
            ],
            [
              9.3785289,
              41.2999234
            ],
            [
              9.3787032,
              41.3000906
            ],
            [
              9.3788508,
              41.3003788
            ],
            [
              9.3788668,
              41.3005541
            ],
            [
              9.3790761,
              41.3006327
            ],
            [
              9.3793362,
              41.3007757
            ],
            [
              9.3795589,
              41.3009752
            ],
            [
              9.3798512,
              41.3011727
            ],
            [
              9.3801489,
              41.3014588
            ],
            [
              9.380385,
              41.3017732
            ],
            [
              9.3805593,
              41.3020069
            ],
            [
              9.3806559,
              41.3022144
            ],
            [
              9.3808249,
              41.3024562
            ],
            [
              9.3807927,
              41.3027202
            ],
            [
              9.3806773,
              41.3028552
            ],
            [
              9.3806639,
              41.303226
            ],
            [
              9.3805915,
              41.3034516
            ],
            [
              9.380511,
              41.3036733
            ],
            [
              9.3804815,
              41.3038869
            ],
            [
              9.3803367,
              41.3039836
            ],
            [
              9.3801382,
              41.3040742
            ],
            [
              9.3798727,
              41.3041206
            ],
            [
              9.3797359,
              41.3042113
            ],
            [
              9.3795803,
              41.3044188
            ],
            [
              9.3795535,
              41.3045397
            ],
            [
              9.3793067,
              41.3047593
            ],
            [
              9.3792826,
              41.3048842
            ],
            [
              9.3792102,
              41.304983
            ],
            [
              9.3791029,
              41.3051341
            ],
            [
              9.3789902,
              41.3052127
            ],
            [
              9.3787435,
              41.3053013
            ],
            [
              9.3786067,
              41.305388
            ],
            [
              9.3785933,
              41.3054242
            ]
          ],
          [
            [
              9.3951693,
              41.215077
            ],
            [
              9.3952015,
              41.2152001
            ],
            [
              9.3953383,
              41.2153938
            ],
            [
              9.3954429,
              41.2155693
            ],
            [
              9.3955529,
              41.215763
            ],
            [
              9.3956307,
              41.2159123
            ],
            [
              9.3957809,
              41.216102
            ],
            [
              9.3959874,
              41.2161564
            ],
            [
              9.3961778,
              41.216332
            ],
            [
              9.3961456,
              41.2164914
            ],
            [
              9.3962717,
              41.2166185
            ],
            [
              9.396387,
              41.216681
            ],
            [
              9.3962797,
              41.2169998
            ],
            [
              9.3961564,
              41.2170906
            ],
            [
              9.3960786,
              41.2171289
            ],
            [
              9.3958747,
              41.2171531
            ],
            [
              9.3958077,
              41.2172157
            ],
            [
              9.395797,
              41.2172802
            ],
            [
              9.3957299,
              41.2173166
            ],
            [
              9.3956333,
              41.217365
            ],
            [
              9.3955743,
              41.2175102
            ],
            [
              9.3955609,
              41.217716
            ],
            [
              9.3956816,
              41.2178532
            ],
            [
              9.3958318,
              41.2178714
            ],
            [
              9.3961161,
              41.2178875
            ],
            [
              9.3961537,
              41.2180207
            ],
            [
              9.3960974,
              41.2182144
            ],
            [
              9.3961456,
              41.2183173
            ],
            [
              9.3963817,
              41.2183899
            ],
            [
              9.396489,
              41.2184262
            ],
            [
              9.3965614,
              41.2185554
            ],
            [
              9.3967679,
              41.2185614
            ],
            [
              9.3969101,
              41.2186179
            ],
            [
              9.3969879,
              41.2187329
            ],
            [
              9.3969986,
              41.2189044
            ],
            [
              9.397079,
              41.2191485
            ],
            [
              9.3972212,
              41.2193563
            ],
            [
              9.3974707,
              41.2194148
            ],
            [
              9.3976745,
              41.2194532
            ],
            [
              9.3977684,
              41.2195278
            ],
            [
              9.3978354,
              41.2196711
            ],
            [
              9.3978381,
              41.2199132
            ],
            [
              9.3978381,
              41.2200322
            ],
            [
              9.3979186,
              41.2201512
            ],
            [
              9.3980956,
              41.2202662
            ],
            [
              9.3982699,
              41.2202945
            ],
            [
              9.3984523,
              41.220355
            ],
            [
              9.3987876,
              41.2204639
            ],
            [
              9.3988437,
              41.2204724
            ]
          ],
          [
            [
              9.388729,
              41.214573
            ],
            [
              9.3888661,
              41.214627
            ],
            [
              9.3889439,
              41.2147158
            ],
            [
              9.389023,
              41.2148086
            ],
            [
              9.3891558,
              41.2149176
            ],
            [
              9.3892041,
              41.2150477
            ],
            [
              9.3892685,
              41.2151476
            ],
            [
              9.3892765,
              41.2152566
            ],
            [
              9.3894079,
              41.2153625
            ],
            [
              9.3894428,
              41.2154119
            ],
            [
              9.3894696,
              41.2154765
            ]
          ],
          [
            [
              9.3884849,
              41.2166359
            ],
            [
              9.3886542,
              41.2166245
            ],
            [
              9.3888849,
              41.2166568
            ],
            [
              9.388968,
              41.2166306
            ],
            [
              9.3889868,
              41.2165579
            ],
            [
              9.3889815,
              41.2164974
            ],
            [
              9.3888822,
              41.2164026
            ],
            [
              9.3888339,
              41.216334
            ],
            [
              9.388842,
              41.2162654
            ],
            [
              9.3889198,
              41.2161948
            ],
            [
              9.3890405,
              41.2161726
            ],
            [
              9.3891129,
              41.21611
            ],
            [
              9.3891129,
              41.2160394
            ],
            [
              9.3891397,
              41.2159789
            ],
            [
              9.3892014,
              41.2159264
            ],
            [
              9.389255,
              41.2158437
            ],
            [
              9.3892738,
              41.2158013
            ],
            [
              9.3893328,
              41.2157247
            ],
            [
              9.3893275,
              41.2156339
            ],
            [
              9.3893301,
              41.2155854
            ],
            [
              9.3893597,
              41.215533
            ],
            [
              9.3894294,
              41.2154906
            ],
            [
              9.3894696,
              41.2154765
            ],
            [
              9.3897164,
              41.2157832
            ],
            [
              9.3897459,
              41.2158921
            ],
            [
              9.3898746,
              41.2160091
            ],
            [
              9.3899122,
              41.2161241
            ],
            [
              9.389998,
              41.2162694
            ],
            [
              9.3901509,
              41.2164086
            ],
            [
              9.3901911,
              41.2164833
            ],
            [
              9.390285,
              41.2166164
            ],
            [
              9.3904594,
              41.2167536
            ],
            [
              9.3905586,
              41.2168323
            ],
            [
              9.3905961,
              41.2169776
            ],
            [
              9.3906203,
              41.2171249
            ],
            [
              9.3907249,
              41.2174013
            ],
            [
              9.3908402,
              41.2175405
            ],
            [
              9.3909448,
              41.2176938
            ],
            [
              9.3910709,
              41.2178613
            ],
            [
              9.3911889,
              41.2179662
            ],
            [
              9.3913767,
              41.2179642
            ],
            [
              9.3915671,
              41.2179037
            ],
            [
              9.3917736,
              41.2178936
            ],
            [
              9.3919212,
              41.2177867
            ],
            [
              9.3920258,
              41.2177382
            ],
            [
              9.392176,
              41.2176959
            ],
            [
              9.3922484,
              41.2176333
            ],
            [
              9.3922967,
              41.2174941
            ],
            [
              9.3922323,
              41.2173751
            ],
            [
              9.3921572,
              41.2172661
            ],
            [
              9.392074,
              41.2172197
            ],
            [
              9.3919802,
              41.217139
            ],
            [
              9.3918997,
              41.2170361
            ],
            [
              9.3918192,
              41.2169009
            ],
            [
              9.3918058,
              41.2168021
            ],
            [
              9.3918434,
              41.2167173
            ],
            [
              9.3919212,
              41.2166992
            ],
            [
              9.3921089,
              41.2167335
            ],
            [
              9.3922457,
              41.2167637
            ],
            [
              9.3923315,
              41.2166951
            ],
            [
              9.3924603,
              41.2165721
            ],
            [
              9.3925408,
              41.2164873
            ],
            [
              9.3925998,
              41.2163562
            ],
            [
              9.3926614,
              41.2162896
            ],
            [
              9.3927312,
              41.2162412
            ],
            [
              9.3928304,
              41.2162331
            ],
            [
              9.3930101,
              41.2161927
            ],
            [
              9.3930852,
              41.2161403
            ],
            [
              9.3931094,
              41.2160596
            ],
            [
              9.3931174,
              41.2159345
            ],
            [
              9.393171,
              41.2155956
            ]
          ],
          [
            [
              9.385187,
              41.2264612
            ],
            [
              9.3853015,
              41.2263003
            ],
            [
              9.3854034,
              41.2262479
            ],
            [
              9.385516,
              41.2262922
            ],
            [
              9.3855107,
              41.2264214
            ],
            [
              9.3856502,
              41.2264698
            ],
            [
              9.3857413,
              41.2266392
            ],
            [
              9.385854,
              41.2266957
            ],
            [
              9.3861437,
              41.2266997
            ],
            [
              9.3862778,
              41.2266231
            ],
            [
              9.3862939,
              41.2265384
            ],
            [
              9.3864441,
              41.2264738
            ],
            [
              9.3864924,
              41.226385
            ],
            [
              9.3865353,
              41.2263205
            ],
            [
              9.3866694,
              41.2263407
            ],
            [
              9.3868142,
              41.2264577
            ],
            [
              9.387002,
              41.2265343
            ],
            [
              9.3871522,
              41.2265424
            ],
            [
              9.3872702,
              41.2266594
            ],
            [
              9.3874258,
              41.2266715
            ],
            [
              9.3875331,
              41.2266029
            ],
            [
              9.3876511,
              41.2266433
            ],
            [
              9.3877047,
              41.2267401
            ],
            [
              9.387753,
              41.2268611
            ],
            [
              9.3879193,
              41.2269539
            ],
            [
              9.3880588,
              41.2269741
            ],
            [
              9.3881661,
              41.2270023
            ],
            [
              9.3882894,
              41.2270548
            ],
            [
              9.3884611,
              41.2270427
            ],
            [
              9.388665,
              41.2270467
            ],
            [
              9.3888527,
              41.2270548
            ],
            [
              9.3889922,
              41.2270508
            ],
            [
              9.3891209,
              41.2270427
            ],
            [
              9.3892336,
              41.2269983
            ],
            [
              9.389298,
              41.2270144
            ],
            [
              9.3893409,
              41.227083
            ],
            [
              9.3893945,
              41.2271758
            ],
            [
              9.3895125,
              41.2272162
            ],
            [
              9.3895394,
              41.2272767
            ],
            [
              9.3895447,
              41.2273695
            ],
            [
              9.3894911,
              41.2275753
            ],
            [
              9.3894374,
              41.2277286
            ],
            [
              9.3894287,
              41.2279763
            ]
          ],
          [
            [
              9.3841159,
              41.2221748
            ],
            [
              9.384352,
              41.2222898
            ],
            [
              9.384537,
              41.2223926
            ],
            [
              9.384765,
              41.2223906
            ],
            [
              9.384816,
              41.2224794
            ],
            [
              9.384816,
              41.2226489
            ],
            [
              9.3848616,
              41.2227417
            ],
            [
              9.3849903,
              41.2228244
            ],
            [
              9.3851861,
              41.2228708
            ],
            [
              9.3854812,
              41.2228768
            ],
            [
              9.3857789,
              41.2227719
            ],
            [
              9.3859693,
              41.2227437
            ],
            [
              9.386149,
              41.2227457
            ],
            [
              9.3862885,
              41.2227396
            ],
            [
              9.386479,
              41.2227114
            ],
            [
              9.3865433,
              41.2228143
            ],
            [
              9.3866774,
              41.2228667
            ],
            [
              9.3868276,
              41.2229696
            ],
            [
              9.3869644,
              41.2229636
            ],
            [
              9.3870127,
              41.222895
            ],
            [
              9.3870154,
              41.222784
            ],
            [
              9.3870234,
              41.2226872
            ],
            [
              9.387069,
              41.2226347
            ],
            [
              9.3871736,
              41.2226206
            ],
            [
              9.3873104,
              41.2225904
            ],
            [
              9.3873748,
              41.2225298
            ],
            [
              9.3875894,
              41.2225016
            ],
            [
              9.3876994,
              41.2224915
            ],
            [
              9.3878469,
              41.2224612
            ],
            [
              9.3879703,
              41.2224229
            ],
            [
              9.3880802,
              41.2223704
            ],
            [
              9.3882063,
              41.2222998
            ]
          ],
          [
            [
              9.3839,
              41.2287079
            ],
            [
              9.3837619,
              41.2289611
            ],
            [
              9.383617,
              41.2291225
            ],
            [
              9.3835983,
              41.2292496
            ],
            [
              9.3834776,
              41.2293746
            ],
            [
              9.3832925,
              41.2294755
            ],
            [
              9.3832549,
              41.2295844
            ],
            [
              9.383212,
              41.2296833
            ],
            [
              9.3829679,
              41.2299032
            ],
            [
              9.382925,
              41.2300444
            ],
            [
              9.3828016,
              41.2301129
            ],
            [
              9.3826917,
              41.2304619
            ],
            [
              9.3825656,
              41.2306132
            ],
            [
              9.382402,
              41.2306878
            ],
            [
              9.3823913,
              41.2308573
            ],
            [
              9.3822625,
              41.2310227
            ],
            [
              9.3822142,
              41.231289
            ],
            [
              9.3821901,
              41.2314907
            ],
            [
              9.3820801,
              41.231761
            ],
            [
              9.3821606,
              41.2319808
            ],
            [
              9.3820962,
              41.2323197
            ],
            [
              9.3818656,
              41.2323944
            ],
            [
              9.3817905,
              41.232465
            ],
            [
              9.3817985,
              41.2325638
            ],
            [
              9.3819541,
              41.2326162
            ],
            [
              9.3819943,
              41.2327877
            ],
            [
              9.3818736,
              41.2330923
            ],
            [
              9.381769,
              41.2335118
            ],
            [
              9.3817556,
              41.233649
            ],
            [
              9.3817744,
              41.233766
            ],
            [
              9.381651,
              41.2339072
            ],
            [
              9.3816215,
              41.2339596
            ],
            [
              9.3814793,
              41.2340282
            ],
            [
              9.3812701,
              41.2340242
            ],
            [
              9.3811762,
              41.2340706
            ],
            [
              9.3810824,
              41.2340504
            ],
            [
              9.3809402,
              41.2339496
            ],
            [
              9.3806693,
              41.2339253
            ],
            [
              9.3804306,
              41.2339556
            ],
            [
              9.3802616,
              41.2338184
            ],
            [
              9.3801999,
              41.2336631
            ],
            [
              9.3801302,
              41.2335098
            ],
            [
              9.3797708,
              41.2332718
            ],
            [
              9.3795159,
              41.2331326
            ],
            [
              9.3794221,
              41.2330318
            ],
            [
              9.3794194,
              41.2328301
            ],
            [
              9.3793604,
              41.232709
            ],
            [
              9.3793336,
              41.2325799
            ],
            [
              9.3793067,
              41.232465
            ],
            [
              9.3791941,
              41.2324266
            ],
            [
              9.3791029,
              41.2324024
            ],
            [
              9.3790519,
              41.2323338
            ],
            [
              9.3790841,
              41.232229
            ],
            [
              9.3791136,
              41.232112
            ],
            [
              9.3791243,
              41.2319546
            ],
            [
              9.3791699,
              41.2318336
            ],
            [
              9.3792853,
              41.231642
            ],
            [
              9.3792692,
              41.2315532
            ],
            [
              9.3792745,
              41.2314423
            ],
            [
              9.3793228,
              41.2313515
            ],
            [
              9.3793282,
              41.2312365
            ],
            [
              9.3792343,
              41.2311276
            ],
            [
              9.3792155,
              41.2310368
            ],
            [
              9.379178,
              41.2309924
            ],
            [
              9.3791002,
              41.2309783
            ],
            [
              9.378899,
              41.2309924
            ],
            [
              9.3788508,
              41.230942
            ],
            [
              9.3787676,
              41.2308916
            ],
            [
              9.3786469,
              41.2308775
            ],
            [
              9.3785584,
              41.2308452
            ],
            [
              9.378486,
              41.2307847
            ],
            [
              9.3784994,
              41.2306818
            ],
            [
              9.3784618,
              41.2305325
            ],
            [
              9.3782151,
              41.2304175
            ],
            [
              9.3780139,
              41.2303711
            ],
            [
              9.3778771,
              41.2303389
            ],
            [
              9.3778342,
              41.2302178
            ],
            [
              9.3778621,
              41.2301074
            ]
          ],
          [
            [
              9.3896359,
              41.2328502
            ],
            [
              9.3892229,
              41.2329995
            ],
            [
              9.3891183,
              41.2331165
            ],
            [
              9.3889922,
              41.2332496
            ],
            [
              9.3888527,
              41.2333949
            ],
            [
              9.3887266,
              41.2334735
            ],
            [
              9.3885738,
              41.2335078
            ],
            [
              9.3885148,
              41.2334997
            ],
            [
              9.3885067,
              41.233411
            ],
            [
              9.3885523,
              41.2332718
            ],
            [
              9.3885282,
              41.2331246
            ],
            [
              9.3884692,
              41.2330681
            ],
            [
              9.3883136,
              41.2330237
            ],
            [
              9.3881661,
              41.2329914
            ],
            [
              9.3880427,
              41.2328301
            ],
            [
              9.3879703,
              41.2326485
            ],
            [
              9.3878201,
              41.232471
            ],
            [
              9.3876511,
              41.2323419
            ],
            [
              9.3874821,
              41.2322269
            ],
            [
              9.3873292,
              41.2320918
            ],
            [
              9.3871924,
              41.2320373
            ],
            [
              9.3869886,
              41.2320757
            ],
            [
              9.386833,
              41.2321624
            ],
            [
              9.3867123,
              41.232239
            ],
            [
              9.3865272,
              41.2323056
            ],
            [
              9.386369,
              41.2323318
            ],
            [
              9.386192,
              41.2323036
            ],
            [
              9.3860659,
              41.2322955
            ],
            [
              9.3858969,
              41.232235
            ],
            [
              9.3857977,
              41.2321523
            ],
            [
              9.3857226,
              41.2320898
            ],
            [
              9.3856046,
              41.2320595
            ],
            [
              9.3855402,
              41.2320878
            ],
            [
              9.3853632,
              41.2322451
            ],
            [
              9.3851727,
              41.2322673
            ],
            [
              9.3850923,
              41.2322854
            ],
            [
              9.3849367,
              41.2323742
            ],
            [
              9.3849152,
              41.2325154
            ],
            [
              9.3847087,
              41.232582
            ],
            [
              9.3846175,
              41.2326989
            ],
            [
              9.3845344,
              41.2328099
            ],
            [
              9.384411,
              41.2328825
            ],
            [
              9.3842688,
              41.2329168
            ],
            [
              9.3840757,
              41.2329955
            ],
            [
              9.3839926,
              41.2330681
            ],
            [
              9.3839255,
              41.2330802
            ],
            [
              9.3837619,
              41.2331064
            ],
            [
              9.3834937,
              41.2332254
            ],
            [
              9.3832791,
              41.2333283
            ],
            [
              9.3831503,
              41.2334191
            ],
            [
              9.3828955,
              41.2334796
            ],
            [
              9.3827882,
              41.2336046
            ],
            [
              9.3826407,
              41.2336107
            ],
            [
              9.3825307,
              41.2336793
            ],
            [
              9.382351,
              41.2336732
            ],
            [
              9.3822625,
              41.2337761
            ],
            [
              9.3822303,
              41.2338205
            ],
            [
              9.3821257,
              41.2339213
            ],
            [
              9.381946,
              41.2339697
            ],
            [
              9.3817985,
              41.2339798
            ],
            [
              9.3816215,
              41.2339596
            ]
          ],
          [
            [
              9.3908751,
              41.2365435
            ],
            [
              9.390572,
              41.2363619
            ],
            [
              9.3904647,
              41.236251
            ],
            [
              9.3904138,
              41.2361804
            ],
            [
              9.3904513,
              41.2361038
            ],
            [
              9.390631,
              41.2358799
            ],
            [
              9.3907195,
              41.2357548
            ],
            [
              9.3907303,
              41.235658
            ],
            [
              9.3906981,
              41.2355632
            ],
            [
              9.3905747,
              41.2353918
            ],
            [
              9.3905586,
              41.2352566
            ],
            [
              9.3905693,
              41.2351013
            ],
            [
              9.3905559,
              41.2349863
            ],
            [
              9.3904996,
              41.2348693
            ],
            [
              9.3905318,
              41.2347645
            ],
            [
              9.3905961,
              41.2346656
            ],
            [
              9.3906096,
              41.2345789
            ],
            [
              9.3906257,
              41.2344861
            ],
            [
              9.3906444,
              41.2343752
            ],
            [
              9.3905506,
              41.2342965
            ],
            [
              9.3905103,
              41.23424
            ],
            [
              9.3905184,
              41.2341755
            ],
            [
              9.3905881,
              41.2340827
            ],
            [
              9.3906122,
              41.234004
            ],
            [
              9.3906122,
              41.233883
            ],
            [
              9.390631,
              41.2337519
            ],
            [
              9.3906525,
              41.2336309
            ],
            [
              9.3905666,
              41.2334997
            ],
            [
              9.3904459,
              41.2333565
            ],
            [
              9.3904003,
              41.2332658
            ],
            [
              9.3901992,
              41.2331064
            ],
            [
              9.3900704,
              41.2330237
            ],
            [
              9.3898988,
              41.2329269
            ],
            [
              9.3897861,
              41.2328886
            ],
            [
              9.3896359,
              41.2328502
            ],
            [
              9.3895383,
              41.2327934
            ]
          ],
          [
            [
              9.3956803,
              41.2413357
            ],
            [
              9.3956307,
              41.2415313
            ],
            [
              9.3954885,
              41.241612
            ],
            [
              9.39529,
              41.2416221
            ],
            [
              9.3951532,
              41.241485
            ],
            [
              9.3950674,
              41.2414587
            ],
            [
              9.3948743,
              41.2415213
            ],
            [
              9.3947187,
              41.241491
            ],
            [
              9.394488,
              41.2414608
            ],
            [
              9.3943083,
              41.2415031
            ],
            [
              9.3941662,
              41.2415979
            ],
            [
              9.3939328,
              41.2415939
            ],
            [
              9.3938041,
              41.2415031
            ],
            [
              9.3937021,
              41.2414224
            ],
            [
              9.3937075,
              41.2413438
            ],
            [
              9.3935519,
              41.2413176
            ],
            [
              9.3934339,
              41.2411885
            ],
            [
              9.3934017,
              41.2410594
            ],
            [
              9.393163,
              41.2409747
            ],
            [
              9.3929565,
              41.2409021
            ],
            [
              9.3929297,
              41.2408375
            ],
            [
              9.3928894,
              41.2407165
            ],
            [
              9.3928465,
              41.2406661
            ],
            [
              9.392758,
              41.2406459
            ],
            [
              9.3927231,
              41.2405814
            ],
            [
              9.3927768,
              41.2404846
            ],
            [
              9.3927902,
              41.2403918
            ],
            [
              9.3927446,
              41.2402889
            ],
            [
              9.3927446,
              41.24018
            ],
            [
              9.3927017,
              41.2401054
            ],
            [
              9.3925649,
              41.2400328
            ],
            [
              9.3925059,
              41.2399703
            ],
            [
              9.3925032,
              41.2399057
            ],
            [
              9.392463,
              41.2398755
            ],
            [
              9.3923718,
              41.2398533
            ],
            [
              9.3921572,
              41.2397303
            ],
            [
              9.391956,
              41.239583
            ],
            [
              9.3919426,
              41.2395145
            ],
            [
              9.3918434,
              41.2394822
            ],
            [
              9.3917468,
              41.2394055
            ],
            [
              9.3917119,
              41.2393652
            ],
            [
              9.3915912,
              41.2393632
            ],
            [
              9.391425,
              41.2392623
            ],
            [
              9.3913686,
              41.2391655
            ],
            [
              9.3913445,
              41.2390183
            ],
            [
              9.3913257,
              41.2389013
            ],
            [
              9.3913203,
              41.2387823
            ],
            [
              9.3912291,
              41.2386855
            ],
            [
              9.3912211,
              41.2385806
            ],
            [
              9.3912023,
              41.2384152
            ],
            [
              9.3912023,
              41.2383043
            ],
            [
              9.3911755,
              41.2382398
            ],
            [
              9.3911192,
              41.2381732
            ],
            [
              9.3910146,
              41.2380986
            ],
            [
              9.3909851,
              41.2380562
            ],
            [
              9.3909609,
              41.2379614
            ],
            [
              9.3908939,
              41.2378747
            ],
            [
              9.3908858,
              41.2377557
            ],
            [
              9.3908858,
              41.2376448
            ],
            [
              9.3909073,
              41.2375399
            ],
            [
              9.3909153,
              41.2374431
            ],
            [
              9.3908966,
              41.2373523
            ],
            [
              9.3908805,
              41.2372978
            ],
            [
              9.3909636,
              41.237199
            ],
            [
              9.3909743,
              41.2371002
            ],
            [
              9.3909475,
              41.2370175
            ],
            [
              9.3909126,
              41.236963
            ],
            [
              9.3908992,
              41.2368783
            ],
            [
              9.3908671,
              41.2368117
            ],
            [
              9.3908671,
              41.2367371
            ],
            [
              9.3908697,
              41.2366564
            ],
            [
              9.3908751,
              41.2365435
            ]
          ],
          [
            [
              9.3984839,
              41.240774
            ],
            [
              9.3984202,
              41.2408718
            ],
            [
              9.3983672,
              41.2409459
            ],
            [
              9.3983658,
              41.2409828
            ],
            [
              9.398333,
              41.2410115
            ],
            [
              9.3982814,
              41.2410559
            ],
            [
              9.3982639,
              41.2411098
            ],
            [
              9.3982961,
              41.2411602
            ],
            [
              9.3983169,
              41.2412202
            ],
            [
              9.3983477,
              41.2413241
            ]
          ],
          [
            [
              9.4009978,
              41.2487775
            ],
            [
              9.4011238,
              41.2489045
            ],
            [
              9.4012633,
              41.2489832
            ],
            [
              9.4015771,
              41.249078
            ],
            [
              9.4018507,
              41.249082
            ],
            [
              9.402135,
              41.2491244
            ],
            [
              9.4024274,
              41.2491526
            ],
            [
              9.4027653,
              41.2492151
            ],
            [
              9.4031784,
              41.24932
            ],
            [
              9.4035163,
              41.2494047
            ],
            [
              9.4038154,
              41.2494959
            ],
            [
              9.403806,
              41.2496789
            ],
            [
              9.4037813,
              41.2497633
            ]
          ],
          [
            [
              9.4010314,
              41.2431145
            ],
            [
              9.4010366,
              41.2431771
            ],
            [
              9.4010501,
              41.2433263
            ],
            [
              9.4010836,
              41.2435603
            ],
            [
              9.4011547,
              41.2437902
            ],
            [
              9.4013505,
              41.2440302
            ],
            [
              9.4014631,
              41.2441905
            ],
            [
              9.4016442,
              41.2443135
            ],
            [
              9.401852,
              41.2443539
            ],
            [
              9.4020599,
              41.2444386
            ],
            [
              9.4022906,
              41.2445263
            ],
            [
              9.4024958,
              41.2446342
            ],
            [
              9.4026017,
              41.2447562
            ],
            [
              9.4026285,
              41.2449528
            ],
            [
              9.4025829,
              41.2450063
            ],
            [
              9.4025575,
              41.245213
            ],
            [
              9.4024904,
              41.2453511
            ],
            [
              9.4023308,
              41.2454379
            ],
            [
              9.4021752,
              41.2455306
            ],
            [
              9.4021592,
              41.2456406
            ],
            [
              9.4023255,
              41.2458019
            ],
            [
              9.4025548,
              41.2459542
            ],
            [
              9.4026366,
              41.2461034
            ],
            [
              9.4025387,
              41.2462657
            ],
            [
              9.402485,
              41.2463908
            ],
            [
              9.4023442,
              41.2465329
            ],
            [
              9.4022436,
              41.2466408
            ],
            [
              9.4021699,
              41.2467931
            ],
            [
              9.4022369,
              41.2469585
            ],
            [
              9.4022597,
              41.2472912
            ],
            [
              9.4022503,
              41.2474455
            ],
            [
              9.4021913,
              41.2475705
            ],
            [
              9.4020881,
              41.2476673
            ],
            [
              9.401895,
              41.2477661
            ],
            [
              9.4016656,
              41.2479103
            ],
            [
              9.4015007,
              41.2479981
            ],
            [
              9.4013639,
              41.2481039
            ],
            [
              9.4012552,
              41.2482562
            ],
            [
              9.4011238,
              41.2483943
            ]
          ],
          [
            [
              9.3859687,
              41.2116947
            ],
            [
              9.3860533,
              41.2117078
            ],
            [
              9.3861846,
              41.2116726
            ],
            [
              9.3863016,
              41.2116765
            ],
            [
              9.3863902,
              41.2116788
            ],
            [
              9.3864578,
              41.2117085
            ],
            [
              9.3865035,
              41.2117383
            ],
            [
              9.3865771,
              41.2117373
            ],
            [
              9.3866017,
              41.2117588
            ],
            [
              9.386631,
              41.2117906
            ],
            [
              9.3866624,
              41.2118009
            ],
            [
              9.3867722,
              41.211824
            ],
            [
              9.3868683,
              41.2118358
            ],
            [
              9.386912,
              41.211844
            ],
            [
              9.3870449,
              41.2118578
            ],
            [
              9.3871541,
              41.2118527
            ],
            [
              9.3871486,
              41.2118265
            ],
            [
              9.3871561,
              41.2118014
            ],
            [
              9.3872093,
              41.2118045
            ],
            [
              9.3872359,
              41.2117896
            ],
            [
              9.3872359,
              41.2117573
            ],
            [
              9.3872236,
              41.2117378
            ],
            [
              9.3872052,
              41.2117132
            ],
            [
              9.3871493,
              41.2116911
            ],
            [
              9.3871104,
              41.211688
            ],
            [
              9.3870729,
              41.2116849
            ],
            [
              9.3870654,
              41.2116839
            ]
          ],
          [
            [
              9.3590943,
              41.2856831
            ],
            [
              9.3590535,
              41.2856717
            ],
            [
              9.3590044,
              41.2856816
            ],
            [
              9.3589598,
              41.2856843
            ],
            [
              9.3589283,
              41.2856634
            ],
            [
              9.3589254,
              41.285637
            ],
            [
              9.3589115,
              41.285604
            ],
            [
              9.3589027,
              41.2855666
            ],
            [
              9.358891,
              41.2855412
            ]
          ],
          [
            [
              9.3432109,
              41.2398634
            ],
            [
              9.3431227,
              41.239946
            ],
            [
              9.3430313,
              41.2400279
            ],
            [
              9.3429785,
              41.2401339
            ],
            [
              9.3429418,
              41.2401866
            ]
          ],
          [
            [
              9.3480805,
              41.2346364
            ],
            [
              9.3481314,
              41.2346696
            ],
            [
              9.3482431,
              41.2346981
            ],
            [
              9.3483419,
              41.2347571
            ],
            [
              9.3484413,
              41.2348538
            ],
            [
              9.3484816,
              41.2349251
            ],
            [
              9.3484672,
              41.2350015
            ],
            [
              9.3485202,
              41.235174
            ],
            [
              9.3485935,
              41.2352018
            ],
            [
              9.3485982,
              41.2352812
            ],
            [
              9.3485486,
              41.2353344
            ],
            [
              9.3485807,
              41.2354922
            ],
            [
              9.3485121,
              41.2357269
            ],
            [
              9.3486143,
              41.235826
            ],
            [
              9.3487425,
              41.2358152
            ],
            [
              9.3486928,
              41.2359899
            ],
            [
              9.3487088,
              41.23602
            ],
            [
              9.3486431,
              41.236049
            ],
            [
              9.3486047,
              41.2360839
            ],
            [
              9.3486031,
              41.2361333
            ],
            [
              9.3486468,
              41.2361803
            ],
            [
              9.3486205,
              41.2363699
            ],
            [
              9.3487249,
              41.2364225
            ],
            [
              9.3487585,
              41.2365587
            ],
            [
              9.3487121,
              41.2366009
            ],
            [
              9.3486768,
              41.2366708
            ],
            [
              9.3485502,
              41.2366358
            ],
            [
              9.3485502,
              41.2367238
            ],
            [
              9.3485678,
              41.2368708
            ],
            [
              9.3484813,
              41.2369154
            ],
            [
              9.3483195,
              41.2369817
            ],
            [
              9.3482682,
              41.2370985
            ],
            [
              9.3481612,
              41.2371967
            ],
            [
              9.3481272,
              41.2372576
            ],
            [
              9.3478595,
              41.2372889
            ],
            [
              9.3476416,
              41.2372516
            ],
            [
              9.3474782,
              41.2372082
            ],
            [
              9.3473083,
              41.237254
            ]
          ],
          [
            [
              9.3530023,
              41.2783396
            ],
            [
              9.3530273,
              41.2782751
            ],
            [
              9.3530625,
              41.2782212
            ],
            [
              9.3530962,
              41.2781838
            ],
            [
              9.3531533,
              41.2781552
            ],
            [
              9.3531826,
              41.2781233
            ],
            [
              9.3532441,
              41.2781354
            ],
            [
              9.3533173,
              41.2781981
            ],
            [
              9.3534154,
              41.2782256
            ],
            [
              9.3534695,
              41.2782342
            ],
            [
              9.3535267,
              41.2782432
            ],
            [
              9.3536218,
              41.2782333
            ],
            [
              9.3537104,
              41.2782278
            ]
          ],
          [
            [
              9.3592515,
              41.2859191
            ],
            [
              9.3592482,
              41.2858774
            ],
            [
              9.3592556,
              41.2858609
            ],
            [
              9.35929,
              41.2858516
            ],
            [
              9.3593237,
              41.2858521
            ],
            [
              9.3593529,
              41.2858483
            ],
            [
              9.3593815,
              41.2858389
            ],
            [
              9.3593983,
              41.2858246
            ],
            [
              9.3594013,
              41.2858048
            ],
            [
              9.3593822,
              41.2857833
            ],
            [
              9.359361,
              41.2857674
            ],
            [
              9.3593537,
              41.2857426
            ],
            [
              9.3593522,
              41.2857234
            ],
            [
              9.3593625,
              41.2857041
            ],
            [
              9.35938,
              41.2856942
            ],
            [
              9.359413,
              41.2856876
            ],
            [
              9.359424,
              41.2856805
            ],
            [
              9.3594335,
              41.285664
            ]
          ],
          [
            [
              9.3574933,
              41.2843046
            ],
            [
              9.3574456,
              41.2843007
            ],
            [
              9.3574327,
              41.2842783
            ],
            [
              9.3574063,
              41.2842631
            ],
            [
              9.3573938,
              41.284244
            ],
            [
              9.3574066,
              41.2842297
            ],
            [
              9.3574331,
              41.2842098
            ],
            [
              9.357457,
              41.284194
            ],
            [
              9.3574805,
              41.2841772
            ],
            [
              9.357504,
              41.284165
            ],
            [
              9.3575268,
              41.2841659
            ],
            [
              9.357543,
              41.2841619
            ]
          ],
          [
            [
              9.3395202,
              41.2512952
            ],
            [
              9.3395683,
              41.2515138
            ],
            [
              9.3393771,
              41.2517172
            ],
            [
              9.3391124,
              41.251934
            ],
            [
              9.3391256,
              41.2520401
            ],
            [
              9.3391705,
              41.2520954
            ],
            [
              9.3391462,
              41.2521977
            ]
          ],
          [
            [
              9.3388307,
              41.2522287
            ],
            [
              9.3388057,
              41.2522508
            ],
            [
              9.3388013,
              41.2522839
            ],
            [
              9.3387998,
              41.2523144
            ]
          ],
          [
            [
              9.3388895,
              41.2523088
            ],
            [
              9.3388851,
              41.2522773
            ],
            [
              9.3388645,
              41.2522558
            ],
            [
              9.3388307,
              41.2522287
            ]
          ],
          [
            [
              9.3957848,
              41.2381906
            ],
            [
              9.3958768,
              41.2380915
            ],
            [
              9.3959239,
              41.2379506
            ],
            [
              9.3959542,
              41.2378831
            ],
            [
              9.396045,
              41.2378612
            ],
            [
              9.3961819,
              41.237776
            ],
            [
              9.3963087,
              41.2376275
            ],
            [
              9.3964696,
              41.2372919
            ],
            [
              9.3964854,
              41.2371822
            ],
            [
              9.3964988,
              41.2370472
            ],
            [
              9.3966693,
              41.2369122
            ],
            [
              9.3968557,
              41.2367788
            ],
            [
              9.3968624,
              41.2366852
            ],
            [
              9.3969416,
              41.2364284
            ],
            [
              9.3970237,
              41.2363081
            ],
            [
              9.3970961,
              41.2363112
            ],
            [
              9.3972993,
              41.2365122
            ],
            [
              9.3973291,
              41.23659
            ],
            [
              9.3973514,
              41.2366507
            ],
            [
              9.3973806,
              41.2367061
            ],
            [
              9.3974864,
              41.2367134
            ],
            [
              9.3975295,
              41.2366643
            ],
            [
              9.397588,
              41.2365575
            ],
            [
              9.3977536,
              41.2364319
            ],
            [
              9.3978843,
              41.2362909
            ],
            [
              9.398029,
              41.2362438
            ],
            [
              9.3980554,
              41.2361789
            ],
            [
              9.3981501,
              41.2360753
            ],
            [
              9.3982099,
              41.2359832
            ],
            [
              9.3981748,
              41.235796
            ],
            [
              9.3981772,
              41.2356794
            ],
            [
              9.3981604,
              41.2355674
            ]
          ],
          [
            [
              9.3559006,
              41.2448542
            ],
            [
              9.3559534,
              41.2448828
            ],
            [
              9.3560044,
              41.2449181
            ],
            [
              9.356054,
              41.2449257
            ]
          ],
          [
            [
              9.3534636,
              41.2781902
            ],
            [
              9.3534695,
              41.2782342
            ]
          ],
          [
            [
              9.3592914,
              41.2855314
            ],
            [
              9.359335,
              41.2854386
            ]
          ],
          [
            [
              9.3643983,
              41.2927217
            ],
            [
              9.3643178,
              41.2925685
            ],
            [
              9.364291,
              41.2923952
            ],
            [
              9.3643071,
              41.2922582
            ],
            [
              9.3643714,
              41.2920929
            ],
            [
              9.364527,
              41.2918229
            ],
            [
              9.3645753,
              41.2916496
            ],
            [
              9.3646021,
              41.2914601
            ]
          ],
          [
            [
              9.363563,
              41.2929367
            ],
            [
              9.3636923,
              41.2929429
            ],
            [
              9.3637195,
              41.292943
            ]
          ],
          [
            [
              9.3717889,
              41.2944708
            ],
            [
              9.3718247,
              41.2943989
            ],
            [
              9.3721533,
              41.2944845
            ],
            [
              9.3724054,
              41.2945581
            ],
            [
              9.372852,
              41.2945722
            ],
            [
              9.3731564,
              41.2945339
            ],
            [
              9.3734448,
              41.2944825
            ]
          ],
          [
            [
              9.3723805,
              41.2975138
            ],
            [
              9.3721265,
              41.297469
            ],
            [
              9.3719763,
              41.297332
            ],
            [
              9.3720084,
              41.2970942
            ],
            [
              9.3720031,
              41.2968604
            ],
            [
              9.3719728,
              41.2967759
            ],
            [
              9.3718636,
              41.2965017
            ],
            [
              9.371873,
              41.2963697
            ]
          ],
          [
            [
              9.3388895,
              41.2523088
            ],
            [
              9.338852,
              41.2522961
            ],
            [
              9.3387998,
              41.2523144
            ]
          ],
          [
            [
              9.3769893,
              41.2293767
            ],
            [
              9.3769504,
              41.2293847
            ],
            [
              9.3768967,
              41.2293686
            ],
            [
              9.3768377,
              41.2293312
            ],
            [
              9.3767948,
              41.2292929
            ],
            [
              9.3767707,
              41.2292395
            ],
            [
              9.3767452,
              41.22919
            ],
            [
              9.3766996,
              41.2291426
            ],
            [
              9.3766526,
              41.2291053
            ],
            [
              9.3765239,
              41.2290892
            ],
            [
              9.3764837,
              41.2290912
            ],
            [
              9.3764689,
              41.2290781
            ],
            [
              9.3764273,
              41.2290771
            ],
            [
              9.3763804,
              41.2290821
            ],
            [
              9.3763643,
              41.2290932
            ],
            [
              9.3763442,
              41.2290781
            ],
            [
              9.37632,
              41.2290922
            ],
            [
              9.3762825,
              41.2290902
            ],
            [
              9.3762396,
              41.2290791
            ],
            [
              9.3762168,
              41.2290801
            ],
            [
              9.37619,
              41.2290398
            ],
            [
              9.3761672,
              41.2290145
            ],
            [
              9.3761028,
              41.228956
            ],
            [
              9.3760586,
              41.2289008
            ],
            [
              9.3760666,
              41.2287987
            ],
            [
              9.3760424,
              41.2287311
            ],
            [
              9.3760317,
              41.2286918
            ],
            [
              9.3760639,
              41.2286293
            ]
          ],
          [
            [
              9.3766526,
              41.2291053
            ],
            [
              9.3766392,
              41.22907
            ],
            [
              9.3765856,
              41.2290095
            ],
            [
              9.3765521,
              41.2289974
            ],
            [
              9.3765386,
              41.2289419
            ],
            [
              9.3764796,
              41.2289127
            ],
            [
              9.3764568,
              41.2288764
            ],
            [
              9.3764202,
              41.2287884
            ]
          ],
          [
            [
              9.3764796,
              41.2289127
            ],
            [
              9.3764394,
              41.2288925
            ],
            [
              9.3763764,
              41.2288764
            ],
            [
              9.3763267,
              41.2288461
            ],
            [
              9.3761618,
              41.2287634
            ],
            [
              9.376135,
              41.2287039
            ],
            [
              9.3761343,
              41.2286618
            ]
          ],
          [
            [
              9.3766111,
              41.2297155
            ],
            [
              9.3764662,
              41.2296954
            ],
            [
              9.3763871,
              41.2297054
            ],
            [
              9.3763683,
              41.2297599
            ],
            [
              9.3763656,
              41.2298376
            ],
            [
              9.3763348,
              41.2299122
            ],
            [
              9.3763348,
              41.2299717
            ],
            [
              9.3762664,
              41.230011
            ],
            [
              9.3762503,
              41.2300584
            ],
            [
              9.3762315,
              41.2301169
            ],
            [
              9.376147,
              41.2301744
            ],
            [
              9.376088,
              41.2302077
            ]
          ],
          [
            [
              9.3762664,
              41.230011
            ],
            [
              9.3761846,
              41.2298789
            ]
          ],
          [
            [
              9.3766996,
              41.2297629
            ],
            [
              9.3766902,
              41.2298073
            ],
            [
              9.3766956,
              41.2298416
            ],
            [
              9.3766634,
              41.229885
            ],
            [
              9.3766231,
              41.2299203
            ],
            [
              9.3766084,
              41.2299485
            ]
          ],
          [
            [
              9.3762664,
              41.230011
            ],
            [
              9.3761873,
              41.2300121
            ],
            [
              9.3761068,
              41.2299798
            ]
          ],
          [
            [
              9.3762315,
              41.2301169
            ],
            [
              9.3762449,
              41.2301422
            ],
            [
              9.3762235,
              41.2301714
            ],
            [
              9.376261,
              41.2302067
            ],
            [
              9.3763254,
              41.2302521
            ],
            [
              9.3763697,
              41.2302703
            ],
            [
              9.3764139,
              41.2302884
            ],
            [
              9.3764488,
              41.2302975
            ],
            [
              9.376485,
              41.2303167
            ],
            [
              9.3765561,
              41.2302894
            ],
            [
              9.3766097,
              41.23024
            ],
            [
              9.3766379,
              41.2302027
            ],
            [
              9.3767519,
              41.2302097
            ],
            [
              9.376823,
              41.2301734
            ],
            [
              9.3768726,
              41.2301361
            ],
            [
              9.3769329,
              41.2301018
            ],
            [
              9.3769705,
              41.2300988
            ],
            [
              9.3770375,
              41.2301008
            ],
            [
              9.3770791,
              41.2300917
            ],
            [
              9.3771046,
              41.2300605
            ],
            [
              9.3771287,
              41.2300181
            ],
            [
              9.3771287,
              41.2299919
            ],
            [
              9.3771126,
              41.2299586
            ],
            [
              9.3771046,
              41.2299374
            ],
            [
              9.377118,
              41.2298951
            ],
            [
              9.3771207,
              41.2298648
            ],
            [
              9.3770992,
              41.2298214
            ]
          ],
          [
            [
              9.3759714,
              41.2282379
            ],
            [
              9.376033,
              41.2281723
            ],
            [
              9.3760907,
              41.2280836
            ],
            [
              9.3761283,
              41.2280352
            ],
            [
              9.3761564,
              41.2279525
            ],
            [
              9.37619,
              41.2278879
            ],
            [
              9.3762409,
              41.2278385
            ],
            [
              9.3762463,
              41.2277891
            ],
            [
              9.3762128,
              41.2277548
            ],
            [
              9.3762275,
              41.2277477
            ],
            [
              9.3762369,
              41.2277225
            ],
            [
              9.3762651,
              41.2276963
            ],
            [
              9.3763066,
              41.2276579
            ],
            [
              9.3763241,
              41.2276156
            ]
          ],
          [
            [
              9.3762369,
              41.2277225
            ],
            [
              9.3762181,
              41.2277063
            ],
            [
              9.3762262,
              41.2276418
            ],
            [
              9.3762369,
              41.2276014
            ]
          ],
          [
            [
              9.374915,
              41.2278369
            ],
            [
              9.3748314,
              41.2278123
            ],
            [
              9.3748301,
              41.2277739
            ],
            [
              9.3748556,
              41.2277235
            ],
            [
              9.3748636,
              41.2276872
            ],
            [
              9.3749137,
              41.2276036
            ]
          ],
          [
            [
              9.3749137,
              41.2276036
            ],
            [
              9.3749172,
              41.2275349
            ],
            [
              9.3749119,
              41.2274441
            ],
            [
              9.3748837,
              41.2273997
            ],
            [
              9.3749441,
              41.2273795
            ],
            [
              9.3750178,
              41.2273654
            ],
            [
              9.3750768,
              41.2273412
            ],
            [
              9.3750956,
              41.2273251
            ],
            [
              9.3751402,
              41.2273222
            ]
          ],
          [
            [
              9.3755811,
              41.2278163
            ],
            [
              9.3754953,
              41.22778
            ],
            [
              9.3754121,
              41.2277769
            ],
            [
              9.375337,
              41.2277951
            ],
            [
              9.3753008,
              41.2278062
            ],
            [
              9.3752686,
              41.2277921
            ],
            [
              9.3752633,
              41.2277608
            ],
            [
              9.3752633,
              41.2277316
            ],
            [
              9.3752525,
              41.2276993
            ],
            [
              9.3752136,
              41.227662
            ],
            [
              9.3752056,
              41.2276246
            ],
            [
              9.3751949,
              41.2275843
            ],
            [
              9.3751654,
              41.2275672
            ],
            [
              9.3751312,
              41.2275573
            ]
          ],
          [
            [
              9.3994743,
              41.2417132
            ],
            [
              9.399654,
              41.2417976
            ],
            [
              9.3996513,
              41.2419629
            ],
            [
              9.3999276,
              41.2419791
            ],
            [
              9.4002146,
              41.24209
            ],
            [
              9.4003835,
              41.2422756
            ],
            [
              9.4005015,
              41.2423865
            ],
            [
              9.4006652,
              41.2425085
            ],
            [
              9.4008462,
              41.2427203
            ],
            [
              9.4009629,
              41.2428463
            ],
            [
              9.4010004,
              41.2429482
            ],
            [
              9.4010314,
              41.2431145
            ]
          ],
          [
            [
              9.4083611,
              41.2508411
            ],
            [
              9.4079365,
              41.2510603
            ],
            [
              9.4078036,
              41.2509218
            ],
            [
              9.4077658,
              41.2509218
            ],
            [
              9.4076042,
              41.2511966
            ],
            [
              9.4073701,
              41.2515872
            ],
            [
              9.4072644,
              41.2517734
            ]
          ],
          [
            [
              9.39541,
              41.2400834
            ],
            [
              9.3953639,
              41.2398254
            ],
            [
              9.3954376,
              41.2395657
            ],
            [
              9.3955573,
              41.23928
            ],
            [
              9.3955228,
              41.2390878
            ]
          ]
        ]
      }
    },
    {
      "type": "Feature",
      "id": "maddalena-compacted-2",
      "properties": {
        "name": "Isola Maddalena - La Maddalena - Porto Palma",
        "route": "hiking",
        "type": "route",
        "island": "La Maddalena",
        "difficulty": "Escursionistico (E)",
        "estimatedTime": "3-3,5 h",
        "lengthKm": 2,
        "maddiNote": "Percorso su strada e sentiero dalla Maddalena verso il ponte di Caprera, poi direzione Stagnali e arrivo nell'area di Porto Palma.",
        "description": "Percorso su strada e sentiero dalla Maddalena verso il ponte di Caprera, poi direzione Stagnali e arrivo nell'area di Porto Palma."
      },
      "geometry": {
        "type": "MultiLineString",
        "coordinates": [
          [
            [
              9.4424592,
              41.2332144
            ],
            [
              9.4421372,
              41.2331632
            ],
            [
              9.4417188,
              41.2329695
            ],
            [
              9.4410751,
              41.232671
            ],
            [
              9.4405386,
              41.2323321
            ],
            [
              9.4398627,
              41.2318803
            ],
            [
              9.4393652,
              41.2315471
            ],
            [
              9.4390795,
              41.2313881
            ],
            [
              9.4389504,
              41.2313396
            ]
          ],
          [
            [
              9.4380659,
              41.230706
            ],
            [
              9.4381544,
              41.2307564
            ],
            [
              9.4383636,
              41.2310045
            ],
            [
              9.4385755,
              41.2311276
            ],
            [
              9.4385943,
              41.2311558
            ],
            [
              9.438597,
              41.23118
            ]
          ],
          [
            [
              9.4428375,
              41.2333928
            ],
            [
              9.4428778,
              41.2333525
            ],
            [
              9.4429046,
              41.2332758
            ],
            [
              9.4429368,
              41.2332416
            ],
            [
              9.4429824,
              41.2332173
            ],
            [
              9.4430628,
              41.233181
            ],
            [
              9.4432023,
              41.2331548
            ],
            [
              9.4433418,
              41.2331548
            ],
            [
              9.4434813,
              41.233179
            ],
            [
              9.4436073,
              41.2332052
            ],
            [
              9.4437066,
              41.2332617
            ],
            [
              9.4437495,
              41.233296
            ]
          ],
          [
            [
              9.4440093,
              41.2340523
            ],
            [
              9.4441357,
              41.2340706
            ],
            [
              9.4441813,
              41.2340948
            ],
            [
              9.444361,
              41.2340968
            ],
            [
              9.444463,
              41.234119
            ],
            [
              9.4445702,
              41.2341129
            ],
            [
              9.4446185,
              41.2340928
            ],
            [
              9.444699,
              41.2339455
            ],
            [
              9.4446909,
              41.2337842
            ],
            [
              9.4447607,
              41.2336692
            ],
            [
              9.444758,
              41.2335441
            ],
            [
              9.4447258,
              41.2334594
            ],
            [
              9.4447339,
              41.233409
            ],
            [
              9.444766,
              41.2333646
            ],
            [
              9.444817,
              41.2333202
            ],
            [
              9.4448841,
              41.2332839
            ]
          ],
          [
            [
              9.4427437,
              41.231995
            ],
            [
              9.4429556,
              41.2321362
            ],
            [
              9.4430628,
              41.2321281
            ],
            [
              9.4432586,
              41.2320656
            ],
            [
              9.4433069,
              41.2320878
            ],
            [
              9.4433445,
              41.2321664
            ],
            [
              9.4434437,
              41.2322713
            ],
            [
              9.4435939,
              41.2323157
            ],
            [
              9.4436771,
              41.2323641
            ],
            [
              9.4438246,
              41.2324206
            ],
            [
              9.4439131,
              41.2325255
            ],
            [
              9.4439614,
              41.2325477
            ],
            [
              9.4441545,
              41.2325598
            ],
            [
              9.4442591,
              41.23259
            ],
            [
              9.4444066,
              41.232709
            ],
            [
              9.4444576,
              41.2327191
            ]
          ],
          [
            [
              9.431724,
              41.2314653
            ],
            [
              9.4313514,
              41.2311895
            ],
            [
              9.4310567,
              41.2310367
            ],
            [
              9.4307878,
              41.2309834
            ],
            [
              9.4305128,
              41.2309517
            ],
            [
              9.4303198,
              41.2309818
            ],
            [
              9.4300375,
              41.2310637
            ],
            [
              9.4297808,
              41.2311254
            ],
            [
              9.4297028,
              41.2311818
            ],
            [
              9.4296566,
              41.2312528
            ],
            [
              9.4296086,
              41.2313353
            ]
          ],
          [
            [
              9.4360294,
              41.2416654
            ],
            [
              9.4360918,
              41.2417114
            ],
            [
              9.4361396,
              41.2417727
            ],
            [
              9.4361534,
              41.2417913
            ],
            [
              9.4361396,
              41.2419338
            ],
            [
              9.4361334,
              41.2419917
            ],
            [
              9.4362027,
              41.2420473
            ],
            [
              9.436232,
              41.2420519
            ],
            [
              9.4362474,
              41.2420519
            ]
          ],
          [
            [
              9.4362708,
              41.2416538
            ],
            [
              9.4363537,
              41.2416662
            ],
            [
              9.4364646,
              41.2416523
            ],
            [
              9.4364554,
              41.2417056
            ],
            [
              9.4365016,
              41.24176
            ],
            [
              9.4365522,
              41.2417621
            ],
            [
              9.4366013,
              41.2417908
            ],
            [
              9.4366672,
              41.2418912
            ],
            [
              9.436713,
              41.2418867
            ],
            [
              9.4367696,
              41.2418382
            ]
          ],
          [
            [
              9.4346425,
              41.2407777
            ],
            [
              9.434681,
              41.2407671
            ],
            [
              9.4347721,
              41.2407452
            ],
            [
              9.4348398,
              41.2407364
            ],
            [
              9.434911,
              41.2407153
            ],
            [
              9.4349822,
              41.2406425
            ],
            [
              9.4350815,
              41.240574
            ],
            [
              9.4351282,
              41.2405573
            ],
            [
              9.4352087,
              41.2405477
            ],
            [
              9.4352741,
              41.2405503
            ],
            [
              9.4353768,
              41.2405485
            ],
            [
              9.4354609,
              41.2405082
            ],
            [
              9.4354819,
              41.2404836
            ],
            [
              9.4354807,
              41.2404687
            ],
            [
              9.4354702,
              41.2404458
            ],
            [
              9.4354714,
              41.2404177
            ],
            [
              9.4354948,
              41.240387
            ],
            [
              9.4355321,
              41.2403598
            ],
            [
              9.4356349,
              41.2402773
            ],
            [
              9.4356979,
              41.2402386
            ],
            [
              9.4357166,
              41.2402228
            ],
            [
              9.4357831,
              41.2401921
            ]
          ],
          [
            [
              9.4440093,
              41.2340523
            ],
            [
              9.4439872,
              41.2341529
            ],
            [
              9.4438422,
              41.234276
            ],
            [
              9.4437552,
              41.2343991
            ],
            [
              9.4436557,
              41.2345502
            ],
            [
              9.4436143,
              41.2346702
            ],
            [
              9.4435149,
              41.2347512
            ],
            [
              9.4434444,
              41.2348384
            ],
            [
              9.4434341,
              41.234949
            ],
            [
              9.4434382,
              41.2350799
            ],
            [
              9.4433616,
              41.2351422
            ],
            [
              9.443202,
              41.2351983
            ],
            [
              9.4431149,
              41.2352175
            ]
          ],
          [
            [
              9.441762,
              41.2311639
            ],
            [
              9.4419551,
              41.2309945
            ],
            [
              9.4420865,
              41.2308573
            ],
            [
              9.4422662,
              41.2307141
            ],
            [
              9.4423306,
              41.2306636
            ],
            [
              9.4423816,
              41.2305769
            ],
            [
              9.4425076,
              41.230468
            ],
            [
              9.4426176,
              41.2303026
            ],
            [
              9.4428161,
              41.2300887
            ],
            [
              9.4429207,
              41.2300101
            ]
          ],
          [
            [
              9.4430703,
              41.2316777
            ],
            [
              9.4432533,
              41.2316178
            ]
          ],
          [
            [
              9.4424259,
              41.2353508
            ],
            [
              9.4424084,
              41.2355284
            ],
            [
              9.4424084,
              41.2356371
            ],
            [
              9.4424264,
              41.2357277
            ],
            [
              9.4423943,
              41.2358092
            ],
            [
              9.4423883,
              41.2358847
            ],
            [
              9.4422859,
              41.2359797
            ],
            [
              9.4422277,
              41.2360265
            ]
          ],
          [
            [
              9.4348702,
              41.2378706
            ],
            [
              9.4349377,
              41.2378005
            ],
            [
              9.4350624,
              41.2378108
            ],
            [
              9.4350334,
              41.23787
            ],
            [
              9.4348702,
              41.2378706
            ],
            [
              9.4346675,
              41.2378833
            ],
            [
              9.434477,
              41.2378827
            ]
          ],
          [
            [
              9.4341268,
              41.2376098
            ],
            [
              9.4344126,
              41.2376148
            ],
            [
              9.4345895,
              41.2377382
            ],
            [
              9.4347737,
              41.2378259
            ],
            [
              9.4348702,
              41.2378706
            ]
          ],
          [
            [
              9.434357,
              41.2366548
            ],
            [
              9.4345027,
              41.2366279
            ],
            [
              9.4346802,
              41.2365489
            ],
            [
              9.4348173,
              41.2365255
            ],
            [
              9.4348811,
              41.2365119
            ],
            [
              9.4349259,
              41.2364834
            ]
          ],
          [
            [
              9.4323742,
              41.2330971
            ],
            [
              9.432378,
              41.2330398
            ],
            [
              9.4323212,
              41.2329996
            ],
            [
              9.4321004,
              41.2328814
            ],
            [
              9.4320034,
              41.2327925
            ],
            [
              9.4319332,
              41.2327556
            ],
            [
              9.4318295,
              41.2327438
            ],
            [
              9.4317782,
              41.2327288
            ],
            [
              9.431747,
              41.2327162
            ]
          ]
        ]
      }
    },
    {
      "type": "Feature",
      "id": "maddalena-compacted-3",
      "properties": {
        "name": "Isola Maddalena - Abbatoggia - Spiaggia Strangolato",
        "route": "hiking",
        "type": "route",
        "island": "La Maddalena",
        "difficulty": "Escursionistico (E)",
        "estimatedTime": "Da definire",
        "lengthKm": 3.26,
        "maddiNote": "Passeggiata ad anello sulla costa nord dell'Isola della Maddalena, con partenza da Abbatoggia e passaggio verso la Spiaggia dello Strangolato.",
        "description": "Passeggiata ad anello sulla costa nord dell'Isola della Maddalena, con partenza da Abbatoggia e passaggio verso la Spiaggia dello Strangolato."
      },
      "geometry": {
        "type": "MultiLineString",
        "coordinates": [
          [
            [
              9.4260441,
              41.2629611
            ],
            [
              9.4259904,
              41.2626707
            ],
            [
              9.4260119,
              41.2624691
            ],
            [
              9.4260333,
              41.262332
            ],
            [
              9.4261728,
              41.2621143
            ],
            [
              9.4261728,
              41.2620336
            ],
            [
              9.4261406,
              41.2618965
            ],
            [
              9.4260594,
              41.2616462
            ],
            [
              9.4260333,
              41.2615658
            ]
          ],
          [
            [
              9.4250356,
              41.2621546
            ],
            [
              9.4247673,
              41.2620659
            ],
            [
              9.4242659,
              41.2618026
            ]
          ],
          [
            [
              9.4190918,
              41.2625175
            ],
            [
              9.4193385,
              41.2623804
            ],
            [
              9.4195853,
              41.2622433
            ],
            [
              9.4197248,
              41.2621062
            ],
            [
              9.419757,
              41.2620175
            ],
            [
              9.4197999,
              41.2618804
            ],
            [
              9.4197892,
              41.2616384
            ],
            [
              9.4198213,
              41.2614126
            ],
            [
              9.4199501,
              41.261211
            ],
            [
              9.4200788,
              41.2610174
            ],
            [
              9.4202505,
              41.2608481
            ],
            [
              9.42039,
              41.2607755
            ],
            [
              9.4205724,
              41.2606948
            ],
            [
              9.420744,
              41.2605255
            ],
            [
              9.4211517,
              41.2601787
            ]
          ],
          [
            [
              9.4197999,
              41.2618804
            ],
            [
              9.4194136,
              41.2616707
            ],
            [
              9.4193171,
              41.261582
            ],
            [
              9.4191562,
              41.2613803
            ],
            [
              9.4189738,
              41.2611465
            ],
            [
              9.4189201,
              41.2610174
            ],
            [
              9.4188021,
              41.2609206
            ],
            [
              9.4186626,
              41.2607432
            ],
            [
              9.4186304,
              41.2606222
            ],
            [
              9.4185553,
              41.2604206
            ],
            [
              9.4184802,
              41.2602593
            ],
            [
              9.4184051,
              41.2601706
            ],
            [
              9.4182764,
              41.2600899
            ],
            [
              9.4181719,
              41.2600273
            ]
          ],
          [
            [
              9.4212858,
              41.263832
            ],
            [
              9.4215219,
              41.2640337
            ],
            [
              9.421715,
              41.2641788
            ],
            [
              9.4218223,
              41.2642111
            ],
            [
              9.4219081,
              41.2641869
            ],
            [
              9.422069,
              41.2640659
            ],
            [
              9.4223587,
              41.2638079
            ],
            [
              9.4224016,
              41.2637111
            ],
            [
              9.4225304,
              41.2634853
            ],
            [
              9.4227557,
              41.2631385
            ],
            [
              9.4229917,
              41.2628885
            ],
            [
              9.423496,
              41.262453
            ],
            [
              9.4235711,
              41.2623885
            ],
            [
              9.4236784,
              41.2622594
            ],
            [
              9.4237964,
              41.2621868
            ],
            [
              9.4240646,
              41.2620336
            ],
            [
              9.4241612,
              41.261953
            ],
            [
              9.4241667,
              41.2618117
            ]
          ],
          [
            [
              9.4283079,
              41.2605013
            ],
            [
              9.4281791,
              41.2606384
            ],
            [
              9.4281469,
              41.260719
            ],
            [
              9.4279753,
              41.2608561
            ],
            [
              9.42775,
              41.2610013
            ],
            [
              9.4275568,
              41.2612029
            ],
            [
              9.4274495,
              41.26134
            ],
            [
              9.4273101,
              41.2614368
            ],
            [
              9.4270526,
              41.2615416
            ],
            [
              9.4268809,
              41.26159
            ],
            [
              9.4266449,
              41.2615739
            ],
            [
              9.4263767,
              41.261582
            ],
            [
              9.4260594,
              41.2616462
            ]
          ],
          [
            [
              9.4245635,
              41.2583075
            ],
            [
              9.4239736,
              41.2585014
            ]
          ],
          [
            [
              9.4211517,
              41.2601787
            ],
            [
              9.4216989,
              41.2597431
            ],
            [
              9.4225036,
              41.2589124
            ],
            [
              9.4230185,
              41.2585011
            ],
            [
              9.4230615,
              41.2584124
            ],
            [
              9.4232117,
              41.2583075
            ],
            [
              9.4233189,
              41.2582269
            ],
            [
              9.4234691,
              41.2581704
            ],
            [
              9.4237588,
              41.2581301
            ]
          ],
          [
            [
              9.4317411,
              41.2520808
            ],
            [
              9.4315372,
              41.251984
            ],
            [
              9.4312797,
              41.2517904
            ],
            [
              9.4311295,
              41.2517581
            ],
            [
              9.4309364,
              41.2517743
            ],
            [
              9.4305073,
              41.2518953
            ],
            [
              9.4302498,
              41.2519759
            ],
            [
              9.4300684,
              41.2520919
            ],
            [
              9.4300601,
              41.2520972
            ],
            [
              9.4298472,
              41.2520411
            ],
            [
              9.4297122,
              41.2521055
            ],
            [
              9.4296667,
              41.25217
            ],
            [
              9.4296127,
              41.2521631
            ],
            [
              9.4295872,
              41.2521349
            ],
            [
              9.4295241,
              41.2521357
            ],
            [
              9.4293593,
              41.2522098
            ],
            [
              9.4292765,
              41.2523177
            ],
            [
              9.4291668,
              41.252349
            ],
            [
              9.4290789,
              41.252349
            ],
            [
              9.4289798,
              41.2524075
            ],
            [
              9.428737,
              41.2525244
            ],
            [
              9.4286312,
              41.2525314
            ],
            [
              9.4282843,
              41.2526511
            ]
          ],
          [
            [
              9.4292091,
              41.2518065
            ],
            [
              9.4287799,
              41.252226
            ],
            [
              9.428705,
              41.2522902
            ],
            [
              9.4282843,
              41.2526511
            ]
          ],
          [
            [
              9.4240056,
              41.2585414
            ],
            [
              9.4239736,
              41.2585014
            ],
            [
              9.423909,
              41.2584204
            ],
            [
              9.4238017,
              41.2583317
            ],
            [
              9.4237588,
              41.258243
            ],
            [
              9.4237588,
              41.2581301
            ],
            [
              9.4238125,
              41.2579607
            ],
            [
              9.4240056,
              41.2576865
            ]
          ],
          [
            [
              9.4295367,
              41.2593462
            ],
            [
              9.4296178,
              41.2592802
            ]
          ],
          [
            [
              9.4292306,
              41.2591785
            ],
            [
              9.4292494,
              41.2592309
            ]
          ],
          [
            [
              9.4281632,
              41.2588588
            ],
            [
              9.4282206,
              41.2588468
            ],
            [
              9.4282704,
              41.2588055
            ],
            [
              9.4283342,
              41.2588221
            ],
            [
              9.4284415,
              41.258814
            ],
            [
              9.4285332,
              41.2588781
            ],
            [
              9.4287151,
              41.2589794
            ],
            [
              9.4287714,
              41.25906
            ],
            [
              9.428876,
              41.2591568
            ],
            [
              9.4291099,
              41.2592349
            ],
            [
              9.4291741,
              41.2592331
            ],
            [
              9.4292494,
              41.2592309
            ],
            [
              9.4292971,
              41.2592798
            ],
            [
              9.4294178,
              41.25931
            ],
            [
              9.4295367,
              41.2593462
            ],
            [
              9.4295895,
              41.2593967
            ],
            [
              9.4297022,
              41.2594391
            ],
            [
              9.4297979,
              41.259478
            ]
          ],
          [
            [
              9.429855,
              41.2594973
            ],
            [
              9.429921,
              41.2594919
            ],
            [
              9.429983,
              41.2595126
            ],
            [
              9.430056,
              41.2595088
            ],
            [
              9.430125,
              41.2595225
            ],
            [
              9.4301989,
              41.2595655
            ],
            [
              9.4302686,
              41.25962
            ]
          ],
          [
            [
              9.4151177,
              41.25042
            ],
            [
              9.4150124,
              41.2504701
            ],
            [
              9.4149382,
              41.2504873
            ],
            [
              9.4148619,
              41.2504723
            ],
            [
              9.4147906,
              41.2504722
            ],
            [
              9.4146941,
              41.2505095
            ],
            [
              9.4145761,
              41.2505166
            ],
            [
              9.4144165,
              41.250569
            ],
            [
              9.414336,
              41.2506688
            ],
            [
              9.4141495,
              41.2506911
            ]
          ],
          [
            [
              9.4292091,
              41.2518065
            ],
            [
              9.4293297,
              41.2517264
            ],
            [
              9.4294159,
              41.2516489
            ],
            [
              9.4293895,
              41.2516185
            ],
            [
              9.4293419,
              41.2516041
            ],
            [
              9.4292809,
              41.2515552
            ],
            [
              9.4291874,
              41.2515369
            ],
            [
              9.4290532,
              41.2515277
            ],
            [
              9.4290248,
              41.2514941
            ],
            [
              9.428974,
              41.2514082
            ]
          ],
          [
            [
              9.4145787,
              41.2502141
            ],
            [
              9.4144136,
              41.2502371
            ],
            [
              9.4139886,
              41.2502652
            ],
            [
              9.4138766,
              41.2503108
            ],
            [
              9.413784,
              41.2503888
            ]
          ],
          [
            [
              9.4154381,
              41.2538013
            ],
            [
              9.4153445,
              41.2538604
            ],
            [
              9.4151862,
              41.2538876
            ],
            [
              9.4150803,
              41.2539138
            ]
          ],
          [
            [
              9.4151189,
              41.2531092
            ],
            [
              9.4149636,
              41.2531733
            ],
            [
              9.4148295,
              41.2532247
            ],
            [
              9.4147812,
              41.2532338
            ],
            [
              9.4145774,
              41.2532832
            ],
            [
              9.4144352,
              41.2533084
            ],
            [
              9.4143279,
              41.2534364
            ]
          ],
          [
            [
              9.4289218,
              41.2555575
            ],
            [
              9.4287937,
              41.2555554
            ],
            [
              9.4287083,
              41.2555484
            ],
            [
              9.4286358,
              41.2555596
            ],
            [
              9.4285987,
              41.2556071
            ],
            [
              9.4285151,
              41.2555917
            ],
            [
              9.4282922,
              41.255531
            ],
            [
              9.4282283,
              41.2554
            ]
          ],
          [
            [
              9.4302072,
              41.2527653
            ],
            [
              9.4301601,
              41.2527224
            ],
            [
              9.4301601,
              41.2526539
            ],
            [
              9.4301741,
              41.2525711
            ],
            [
              9.4301491,
              41.2524981
            ],
            [
              9.4301611,
              41.2523889
            ],
            [
              9.4301791,
              41.2522971
            ],
            [
              9.4301621,
              41.2522113
            ],
            [
              9.4300684,
              41.2520919
            ]
          ],
          [
            [
              9.4150586,
              41.2597976
            ],
            [
              9.4151884,
              41.2597727
            ],
            [
              9.4152447,
              41.2597238
            ],
            [
              9.4154987,
              41.2596523
            ],
            [
              9.415719,
              41.2595112
            ],
            [
              9.4160368,
              41.2593739
            ],
            [
              9.4162708,
              41.2592713
            ],
            [
              9.4163621,
              41.2592346
            ]
          ]
        ]
      }
    },
    {
      "type": "Feature",
      "id": "maddalena-compacted-4",
      "properties": {
        "name": "Isola Maddalena - Cala Francese - La Madonnetta",
        "route": "hiking",
        "type": "route",
        "island": "La Maddalena",
        "difficulty": "Turistico (T)",
        "estimatedTime": "Da definire",
        "lengthKm": 0.74,
        "maddiNote": "Tratto corretto manualmente tra Cala Francese e La Madonnetta con coordinate fornite.",
        "description": "Tratto corretto manualmente tra Cala Francese e La Madonnetta con coordinate fornite."
      },
      "geometry": {
        "type": "LineString",
        "coordinates": [
          [
            9.378533,
            41.222309
          ],
          [
            9.374856,
            41.228338
          ]
        ]
      }
    },
    {
      "type": "Feature",
      "id": "maddalena-compacted-5",
      "properties": {
        "name": "Isola Maddalena - La Maddalena - Spiaggia dello Strangolato - Guardia Vecchia",
        "route": "hiking",
        "type": "route",
        "island": "La Maddalena",
        "difficulty": "Escursionistico (E)",
        "estimatedTime": "Da definire",
        "lengthKm": 3.67,
        "maddiNote": "Tratto separato dedicato tra Spiaggia dello Strangolato e Guardia Vecchia, aggiornato con coordinate di riferimento fornite manualmente.",
        "description": "Tratto separato dedicato tra Spiaggia dello Strangolato e Guardia Vecchia, aggiornato con coordinate di riferimento fornite manualmente."
      },
      "geometry": {
        "type": "LineString",
        "coordinates": [
          [
            9.405021,
            41.257776
          ],
          [
            9.398442,
            41.225111
          ]
        ]
      }
    },
    {
      "type": "Feature",
      "id": "maddalena-compacted-6",
      "properties": {
        "name": "Isola Maddalena - La Maddalena - Cala L'Inferno",
        "route": "hiking",
        "type": "route",
        "island": "La Maddalena",
        "difficulty": "Escursionistico (E)",
        "estimatedTime": "Da definire",
        "lengthKm": 0.37,
        "maddiNote": "Tratto corretto manualmente tra partenza e arrivo Cala L'Inferno con coordinate fornite.",
        "description": "Tratto corretto manualmente tra partenza e arrivo Cala L'Inferno con coordinate fornite."
      },
      "geometry": {
        "type": "LineString",
        "coordinates": [
          [
            9.388262,
            41.230051
          ],
          [
            9.389872,
            41.233149
          ]
        ]
      }
    }
  ]
}
